sim,nivel_superado,muertes,puntuacion,tiempo_sim_s
1,1,1,2760,71.333
2,1,0,3760,61.917
3,1,1,3360,69.683
4,1,0,2960,67.067
5,1,2,2960,72.783
6,1,1,3160,70.733
7,1,0,3160,62.4
8,1,1,2960,60.55
9,1,2,2760,75.483
10,1,2,3360,64.633
11,1,1,2760,73.4
12,1,1,2960,85.583
13,1,0,3360,69.4
14,1,1,2560,55.9
15,1,1,2960,65.783
16,1,2,2960,71.917
17,1,1,2960,74.95
18,1,0,3160,65.567
19,1,1,3160,68.333
20,0,3,2590,54.4
21,1,0,3160,64.25
22,1,0,2560,61.733
23,1,2,3160,77.517
24,1,1,3560,73.1
25,1,0,2760,72.6
26,1,0,3160,60.233
27,1,1,2960,61.367
28,1,2,3560,70.817
29,0,3,2940,73.283
30,1,1,2760,62.233
31,1,2,2960,70.283
32,1,1,2560,65.283
33,1,1,2960,66.033
34,1,1,2760,71.867
35,1,1,2960,69.233
36,0,3,2460,57.683
37,1,0,3360,69.067
38,1,2,3160,71.0
39,1,0,2960,71.233
40,1,1,2960,88.317
41,1,2,2760,73.233
42,1,2,3360,82.817
43,1,2,2710,64.45
44,1,2,3160,58.983
45,1,1,2760,75.45
46,1,0,2760,67.733
47,1,0,2960,69.067
48,1,0,3360,76.233
49,1,0,2760,92.917
50,1,1,2960,70.667
51,1,1,2960,77.45
52,1,2,2960,61.633
53,1,2,2560,66.617
54,1,1,3160,62.133
55,1,1,2760,70.05
56,1,0,2960,70.9
57,1,2,2960,77.35
58,1,1,3160,68.95
59,1,1,2960,67.05
60,1,1,3160,66.733
61,1,2,2760,54.883
62,1,1,2760,67.3
63,0,3,2730,66.5
64,1,1,2760,67.033
65,1,2,3560,71.833
66,1,0,2960,65.583
67,1,1,2760,67.55
68,1,0,3160,63.25
69,1,0,2960,80.583
70,1,1,2960,76.1
71,1,1,2910,59.817
72,1,1,2760,72.8
73,1,1,2760,62.7
74,0,3,2920,73.483
75,0,3,2910,64.85
76,1,2,2960,62.833
77,1,2,3360,66.983
78,1,2,2760,66.133
79,0,3,2560,50.75
80,1,1,3360,64.433
81,1,1,2960,66.383
82,1,2,3160,68.167
83,1,2,2760,75.5
84,1,1,3360,63.883
85,1,0,2560,59.067
86,1,1,2760,56.367
87,1,2,2760,65.833
88,0,3,2690,59.083
89,1,1,2760,59.667
90,1,2,2760,77.8
91,0,3,2200,45.5
92,1,1,2960,66.783
93,0,3,2660,65.017
94,1,2,3160,74.15
95,1,2,3160,73.867
96,1,0,2760,63.067
97,1,2,3160,74.817
98,1,0,2960,63.067
99,1,1,2960,70.9
100,1,1,2960,65.9
101,1,1,3160,70.983
102,1,2,2760,69.267
103,1,1,3160,79.85
104,0,3,2120,56.1
105,1,1,3360,69.9
106,0,3,2070,46.35
107,1,2,3160,72.067
108,1,2,2760,58.15
109,0,3,2300,59.1
110,0,3,2240,56.267
111,1,1,3160,66.633
112,1,1,2760,72.667
113,1,1,3560,62.333
114,0,3,2670,67.867
115,0,3,2500,45.683
116,1,0,2760,68.067
117,1,2,2760,74.967
118,1,1,3310,62.0
119,0,3,2360,46.583
120,1,2,3360,77.117
121,0,3,2610,65.833
122,1,0,2960,56.067
123,1,1,2760,63.167
124,1,0,3360,74.583
125,1,0,2960,65.583
126,1,1,2560,66.367
127,1,1,3160,95.617
128,0,3,2960,65.683
129,1,1,2760,72.617
130,1,1,3360,73.467
131,1,2,2960,69.667
132,1,0,3760,67.067
133,1,1,2760,59.367
134,1,2,2960,70.967
135,1,2,2760,72.267
136,1,2,3560,78.4
137,1,2,2760,73.667
138,1,1,3760,79.733
139,0,3,2460,57.6
140,1,1,2960,69.55
141,1,2,2760,74.683
142,1,2,2560,67.767
143,1,0,3160,62.4
144,0,3,2460,61.533
145,1,2,2760,69.95
146,1,2,2960,79.95
147,1,0,2760,58.733
148,1,0,2960,65.733
149,1,2,2760,82.667
150,1,1,2760,62.367
151,1,1,2960,59.333
152,1,0,3160,61.733
153,0,3,2530,60.783
154,1,2,2960,71.8
155,0,3,2530,53.1
156,1,2,2560,56.6
157,1,1,2760,59.05
158,1,2,3760,77.717
159,1,1,2560,63.817
160,1,2,2560,71.35
161,1,1,3160,69.283
162,1,1,2560,57.4
163,1,1,2560,52.7
164,1,2,2760,64.383
165,1,2,2960,60.817
166,1,2,3160,66.15
167,1,0,3960,69.9
168,1,1,2560,60.7
169,0,3,2650,67.2
170,0,3,2580,52.033
171,1,2,2760,63.833
172,1,0,2760,61.583
173,1,1,2710,67.867
174,1,1,2960,72.75
175,0,3,2370,52.517
176,1,2,2960,75.15
177,1,1,2760,61.883
178,1,0,2760,68.567
179,1,1,2960,59.333
180,1,1,2760,70.783
181,1,1,2960,73.917
182,1,2,2760,61.5
183,1,1,2960,58.55
184,1,2,2760,66.05
185,1,0,3160,64.4
186,1,1,2560,62.667
187,1,2,2960,72.033
188,1,1,3160,66.95
189,1,2,2960,71.267
190,1,0,3160,70.4
191,1,1,2960,59.833
192,1,2,2760,67.217
193,1,1,2960,70.883
194,1,0,2760,68.25
195,1,2,2760,70.533
196,1,2,2960,68.767
197,1,1,3760,73.667
198,1,0,3160,64.567
199,1,1,2560,64.45
200,1,1,3560,73.533
201,1,0,3560,74.733
202,1,1,2960,63.717
203,1,1,2960,73.517
204,1,1,3160,71.883
205,1,2,2960,67.367
206,1,1,2960,70.45
207,1,2,2760,63.167
208,1,2,3160,77.617
209,1,2,2760,75.833
210,1,2,3160,66.117
211,1,0,2960,68.233
212,1,2,3160,62.8
213,0,3,2650,57.883
214,1,1,3160,64.767
215,1,0,3160,57.567
216,1,0,2560,63.917
217,0,3,2620,72.833
218,1,1,3360,70.567
219,1,2,2960,65.333
220,1,1,2760,64.733
221,1,0,2560,58.067
222,1,1,2960,76.5
223,1,2,3360,71.883
224,1,1,2760,63.133
225,1,2,3160,73.75
226,1,1,3560,65.55
227,1,0,2760,61.733
228,1,1,2960,61.167
229,1,2,3160,83.417
230,1,2,2760,63.75
231,1,0,2560,62.067
232,1,1,3160,69.833
233,1,2,2960,83.467
234,1,1,2760,62.033
235,1,1,3360,61.317
236,0,3,2660,67.717
237,0,3,2610,70.55
238,1,1,3160,67.0
239,1,0,2960,62.917
240,0,3,2490,69.5
241,1,0,2760,72.067
242,0,3,2500,90.9
243,1,2,2560,67.55
244,1,1,2560,74.75
245,1,1,2960,71.5
246,1,1,2960,70.65
247,1,0,3360,65.917
248,1,1,2560,62.5
249,0,3,2690,67.867
250,1,1,2960,68.417
251,0,3,3330,58.9
252,1,1,3560,72.367
253,1,2,2960,73.267
254,1,1,2760,74.117
255,1,2,2760,61.333
256,1,0,2960,62.733
257,1,2,2760,59.15
258,1,2,3160,65.667
259,1,0,2560,68.733
260,1,0,2560,59.733
261,0,3,2740,62.167
262,1,2,3160,72.8
263,1,2,2760,74.817
264,1,0,2960,64.233
265,1,2,2960,81.867
266,1,2,2760,55.617
267,1,1,3560,64.567
268,1,1,2960,62.5
269,1,1,3160,70.117
270,0,3,2680,62.717
271,0,3,2480,64.3
272,1,1,2760,57.667
273,1,1,2560,78.65
274,0,3,2570,67.617
275,0,3,3100,70.8
276,1,0,3160,77.567
277,1,1,3360,71.283
278,1,2,2760,70.0
279,1,2,2960,68.05
280,1,1,2960,65.05
281,1,1,2760,63.867
282,1,1,2960,66.933
283,1,2,2960,64.783
284,1,0,2960,67.4
285,1,0,3160,62.4
286,1,2,2760,63.1
287,1,2,3160,73.15
288,1,1,2760,76.183
289,1,1,2760,69.4
290,1,0,3160,67.083
291,1,2,3360,81.117
292,1,1,3160,71.833
293,1,2,2560,79.133
294,1,1,2960,61.667
295,0,3,3720,71.817
296,1,2,2760,74.367
297,1,2,2760,59.3
298,1,2,2960,76.3
299,1,1,2960,68.433
300,1,0,3160,65.4
301,1,0,2760,65.067
302,1,2,2760,72.817
303,1,0,2760,62.917
304,1,2,2960,68.983
305,1,2,2760,57.0
306,1,2,2960,67.15
307,1,1,3360,72.6
308,1,0,2960,60.4
309,1,0,3360,64.067
310,1,2,3360,69.0
311,1,0,2960,56.4
312,1,2,2560,68.133
313,1,1,3160,63.433
314,1,2,2510,63.3
315,1,2,2960,76.617
316,1,1,2960,77.017
317,1,1,2760,69.65
318,1,1,3360,60.75
319,0,3,2480,63.833
320,1,1,2960,62.467
321,1,1,2760,66.75
322,1,2,3160,82.817
323,1,0,2760,60.9
324,1,1,2960,74.733
325,1,0,2960,72.4
326,1,1,2760,70.45
327,1,2,2960,67.65
328,1,2,3360,86.583
329,1,1,3560,64.083
330,1,0,2560,65.067
331,1,1,2760,67.917
332,1,1,2960,61.4
333,1,2,3160,71.883
334,1,1,2960,79.217
335,1,1,3360,66.933
336,1,2,3360,75.0
337,1,1,2760,56.133
338,1,2,3160,60.517
339,1,2,3760,84.683
340,1,1,3160,66.883
341,1,0,2560,66.583
342,1,0,2960,65.233
343,1,1,2960,63.45
344,1,1,2960,68.333
345,1,1,3360,58.933
346,0,3,2710,64.0
347,0,3,2190,50.6
348,1,2,2760,62.133
349,1,2,2760,72.717
350,1,1,2960,69.883
351,1,2,2960,68.083
352,1,1,3160,79.267
353,1,2,2760,74.133
354,1,2,3160,75.933
355,1,2,3160,76.167
356,1,1,3360,58.333
357,1,2,2960,81.283
358,1,1,2960,73.25
359,1,0,3360,71.083
360,1,0,2760,63.4
361,1,1,3160,61.55
362,1,1,2760,67.983
363,1,0,3560,62.25
364,1,2,2560,66.817
365,1,1,2960,75.417
366,1,2,2760,71.583
367,1,1,2760,72.15
368,1,1,2760,74.083
369,0,3,2390,47.833
370,1,1,2760,65.133
371,1,1,2960,80.017
372,1,0,3360,67.233
373,1,2,2760,68.883
374,1,1,3360,86.167
375,1,2,2960,81.35
376,1,1,3160,64.75
377,1,1,2960,70.5
378,0,3,2750,58.4
379,1,1,2760,71.333
380,1,1,2560,65.25
381,1,2,3560,83.633
382,1,1,2960,69.55
383,1,1,3760,65.367
384,0,3,2550,71.233
385,1,1,3160,67.133
386,1,2,2560,70.717
387,1,2,2560,64.017
388,1,2,2560,70.833
389,1,1,2960,67.717
390,1,2,2560,65.45
391,1,1,3160,70.0
392,1,1,2760,73.833
393,1,1,2760,73.833
394,1,1,2960,69.95
395,1,1,2760,66.05
396,1,1,2960,62.883
397,1,0,3160,69.733
398,1,1,2760,70.667
399,1,1,3160,67.333
400,1,1,2960,63.667
401,1,2,2960,66.8
402,1,0,2960,66.233
403,1,1,2560,62.183
404,1,2,2960,70.533
405,1,1,3360,83.017
406,1,1,3360,61.883
407,1,2,2960,71.133
408,1,2,2560,68.633
409,1,2,2760,72.483
410,1,0,2760,69.4
411,1,2,2760,72.3
412,1,2,2760,75.85
413,1,1,3760,66.0
414,1,0,2560,73.75
415,1,2,2960,68.067
416,1,1,2560,65.967
417,1,2,2960,74.417
418,1,0,3160,74.75
419,1,1,2960,63.033
420,1,1,2760,73.617
421,1,1,2560,72.05
422,1,2,2560,78.267
423,1,2,2960,73.85
424,0,3,2940,60.933
425,1,0,2960,70.75
426,1,1,2960,75.9
427,1,1,2960,66.65
428,1,1,2960,58.1
429,1,2,2560,72.55
430,1,2,2760,71.65
431,1,1,2760,67.333
432,1,0,2960,77.067
433,1,2,2560,72.6
434,1,1,2960,70.05
435,1,2,3160,68.0
436,1,1,3360,80.667
437,1,1,2960,72.667
438,1,1,2960,67.5
439,1,1,2960,74.65
440,1,1,3160,66.5
441,1,0,3560,71.917
442,1,1,3160,72.883
443,1,1,2760,56.733
444,1,2,3160,75.933
445,1,1,2960,71.35
446,1,1,2760,72.733
447,1,1,2760,69.533
448,1,2,2960,71.683
449,1,1,2560,71.817
450,1,1,2760,70.217
451,1,0,3160,62.233
452,1,1,2960,72.483
453,1,1,2960,64.5
454,1,0,2760,71.25
455,1,2,3360,65.25
456,1,0,4160,73.733
457,1,1,3160,71.25
458,1,0,3360,63.4
459,0,3,2590,60.317
460,1,1,2760,68.717
461,1,1,3560,62.2
462,1,1,2760,68.583
463,0,3,2810,50.5
464,1,0,3360,72.4
465,1,1,2710,73.267
466,1,1,2960,66.867
467,1,1,2960,77.0
468,1,1,3160,76.433
469,1,0,2960,67.733
470,0,3,2340,60.817
471,1,2,2910,66.517
472,1,0,2960,60.067
473,1,1,2960,56.883
474,1,1,3360,61.067
475,1,2,2960,76.717
476,1,1,2760,64.5
477,1,1,2560,64.333
478,1,0,3760,76.583
479,1,1,3560,71.65
480,1,1,3360,70.517
481,1,0,2960,71.233
482,1,0,3160,77.583
483,1,2,2760,75.783
484,0,3,2320,50.417
485,1,1,2960,68.883
486,1,1,2560,70.167
487,1,0,2960,68.417
488,1,2,2960,78.983
489,1,0,3560,59.567
490,1,2,2960,79.05
491,1,1,3160,70.333
492,1,2,2960,65.05
493,1,2,3360,75.883
494,1,1,3360,62.183
495,1,2,3360,61.483
496,1,2,2560,65.65
497,1,2,2760,75.733
498,1,1,2960,67.2
499,1,1,2960,63.65
500,1,2,2960,59.133
501,1,2,2760,71.317
502,1,2,2960,63.467
503,1,1,2960,69.35
504,1,2,2960,75.6
505,1,1,2960,68.7
506,1,2,2760,70.15
507,1,1,3360,73.367
508,1,1,2760,72.467
509,1,2,3360,61.567
510,1,2,2760,68.15
511,1,0,2960,61.733
512,1,1,2960,86.783
513,1,1,3360,58.633
514,1,1,2560,63.967
515,1,1,3360,62.167
516,1,1,2960,59.833
517,1,2,3160,71.383
518,1,2,2760,72.25
519,1,2,2760,69.467
520,1,1,2960,57.633
521,1,0,2560,71.233
522,1,1,3110,62.667
523,1,1,2760,74.267
524,1,1,3160,58.833
525,1,1,2760,77.533
526,1,2,3160,62.683
527,1,1,3160,62.4
528,1,1,3360,72.233
529,1,1,2960,78.35
530,1,1,2560,73.65
531,1,1,2760,64.383
532,1,1,2560,66.867
533,1,1,3360,70.033
534,1,2,2760,67.283
535,0,3,2410,60.5
536,1,1,3360,76.033
537,1,2,3560,74.35
538,1,2,2760,63.133
539,1,1,2760,65.733
540,1,1,2960,69.683
541,1,1,2760,61.867
542,1,2,2760,64.083
543,1,1,3160,66.35
544,1,1,3160,72.5
545,1,1,2760,73.783
546,1,0,2510,64.567
547,1,1,3160,63.5
548,1,0,3760,62.567
549,1,1,2960,65.867
550,1,0,3360,67.067
551,1,0,2960,68.067
552,1,0,3560,58.733
553,1,0,3160,59.4
554,1,2,2960,73.95
555,1,2,3160,64.35
556,1,2,2960,59.133
557,1,1,2760,59.0
558,1,1,2960,67.35
559,1,2,2560,71.567
560,1,1,2560,61.117
561,1,2,2960,75.117
562,1,2,3560,79.667
563,1,1,2960,66.217
564,1,2,2960,67.133
565,1,0,2760,63.25
566,1,1,2960,72.767
567,1,1,2760,64.7
568,1,2,3160,81.967
569,1,0,2960,69.733
570,1,2,2960,75.633
571,1,0,2760,65.567
572,1,1,2760,64.733
573,1,2,2960,67.917
574,1,1,2960,63.867
575,1,0,3360,60.067
576,1,1,3360,86.05
577,0,3,3080,61.333
578,1,1,2960,70.533
579,1,0,2760,72.933
580,1,2,2760,64.983
581,1,1,2760,74.667
582,1,1,2760,81.383
583,1,1,2760,64.717
584,0,3,2700,71.583
585,1,1,3360,68.867
586,1,0,3160,58.067
587,1,1,2560,77.117
588,0,3,3090,65.417
589,0,3,2580,62.717
590,1,0,2960,71.25
591,0,3,2820,69.283
592,1,2,2960,74.733
593,1,1,3560,66.017
594,1,0,3160,55.4
595,1,1,3360,70.8
596,1,2,2910,75.017
597,1,2,3160,79.067
598,1,1,3960,68.417
599,1,1,3160,60.9
600,1,2,2760,72.783
601,1,0,3160,62.067
602,1,2,2760,66.017
603,0,3,3140,76.1
604,1,0,2960,56.4
605,1,0,2960,59.583
606,1,2,3160,74.633
607,1,2,3360,70.267
608,1,2,2960,67.933
609,1,2,2960,71.567
610,1,2,2960,71.95
611,1,0,2960,56.4
612,1,0,3160,60.25
613,1,1,3360,81.5
614,1,1,2760,68.2
615,1,0,2960,69.917
616,1,1,2710,79.367
617,1,0,2760,68.067
618,1,1,2760,69.333
619,1,2,3160,65.75
620,1,1,2760,62.367
621,1,0,2560,60.4
622,1,1,2960,85.45
623,1,0,2960,62.067
624,1,2,2760,59.3
625,1,2,2960,79.167
626,1,1,3360,69.733
627,1,0,3360,75.75
628,1,1,2960,66.383
629,1,1,2960,74.383
630,1,2,2960,70.167
631,1,1,2760,65.667
632,1,1,3360,77.667
633,0,3,2690,62.767
634,1,2,2960,68.017
635,1,1,2960,69.333
636,1,1,2760,79.083
637,1,1,2760,60.233
638,1,1,2560,69.167
639,1,2,3160,69.817
640,1,2,2560,76.883
641,1,2,3160,76.617
642,1,0,3160,67.4
643,1,1,3160,77.233
644,1,1,2960,78.483
645,1,0,3560,65.067
646,1,2,2960,82.467
647,1,1,2760,66.533
648,0,3,2320,51.05
649,1,1,2760,68.05
650,1,2,3360,58.483
651,1,0,2960,62.4
652,1,1,2760,68.8
653,1,1,3560,65.767
654,0,3,2680,83.083
655,1,1,3160,58.183
656,1,0,2960,59.733
657,1,1,3160,70.95
658,1,1,2960,69.917
659,1,1,2560,71.067
660,1,1,3160,63.15
661,1,2,2760,64.317
662,1,1,3160,64.533
663,0,3,2540,46.533
664,1,2,2960,72.333
665,0,3,2450,47.767
666,1,2,2760,71.1
667,1,1,2960,57.983
668,0,3,2890,70.533
669,1,2,2960,67.533
670,1,2,3560,78.217
671,1,1,3160,60.283
672,1,2,2760,70.817
673,1,0,3360,66.067
674,1,2,2560,72.283
675,1,2,3360,80.75
676,1,1,2760,63.983
677,1,1,3360,64.55
678,0,3,2780,59.767
679,1,2,2960,73.95
680,1,0,3360,62.067
681,1,1,3360,63.983
682,1,1,2760,68.883
683,0,3,2800,54.383
684,1,1,3160,81.367
685,1,1,2760,78.833
686,1,1,2760,65.15
687,1,1,2560,72.733
688,1,2,3160,75.0
689,1,0,3360,64.067
690,1,1,2960,60.05
691,1,1,2560,70.633
692,1,2,2560,76.217
693,1,0,3160,69.067
694,1,1,2760,65.733
695,1,1,3160,60.683
696,1,0,2960,80.067
697,0,3,2150,45.75
698,1,2,3560,61.533
699,1,0,3360,61.233
700,1,0,2960,80.567
701,1,1,4160,67.867
702,1,2,2560,60.433
703,1,1,2760,67.317
704,1,2,2760,63.317
705,1,2,2960,80.433
706,0,3,2690,63.0
707,1,2,3160,66.633
708,1,2,3160,75.867
709,1,0,2960,63.25
710,1,1,2760,63.2
711,1,0,3360,65.733
712,1,1,2760,66.9
713,1,1,2960,70.883
714,1,1,2760,55.367
715,1,2,3360,71.783
716,1,2,3110,64.033
717,1,1,3160,60.75
718,1,2,2960,71.5
719,1,2,2760,70.9
720,0,3,2720,63.3
721,1,1,3560,66.033
722,1,0,2960,61.733
723,1,2,2760,86.017
724,0,3,2720,47.533
725,0,3,2160,48.25
726,1,1,2960,63.4
727,1,0,3160,70.067
728,1,0,2560,82.067
729,1,1,3160,74.683
730,1,2,2560,73.417
731,1,1,3160,82.367
732,1,1,3360,70.2
733,1,2,3360,75.433
734,1,1,2760,53.367
735,1,1,3160,76.133
736,1,0,2760,58.733
737,1,1,3160,67.883
738,0,3,2570,56.417
739,1,1,3360,68.983
740,1,0,2760,80.067
741,1,0,2960,63.233
742,1,2,2960,79.183
743,1,0,2560,62.067
744,1,2,2760,60.717
745,1,2,2960,73.617
746,1,1,2960,67.733
747,1,2,2760,78.883
748,1,1,2960,61.733
749,1,1,2960,72.217
750,1,0,2960,70.067
751,1,1,2960,59.85
752,1,2,3360,71.867
753,1,2,2960,59.633
754,1,2,2960,62.65
755,1,1,2960,58.0
756,1,1,2760,70.933
757,1,1,2560,61.633
758,1,0,2760,60.733
759,0,3,2150,43.817
760,1,1,3160,70.617
761,0,3,2430,50.183
762,1,1,2960,77.217
763,1,1,3160,66.117
764,1,2,3360,81.4
765,1,1,3360,70.233
766,0,3,2900,72.0
767,1,2,2760,83.633
768,0,3,2340,52.083
769,0,3,2690,66.95
770,1,0,2760,67.917
771,0,3,2840,64.5
772,1,1,2760,62.433
773,1,0,3160,74.067
774,1,2,2710,74.85
775,1,2,3160,64.75
776,1,1,3160,68.5
777,1,0,2960,68.25
778,1,1,2960,66.033
779,1,0,2560,63.4
780,1,1,2960,69.883
781,1,1,2560,65.5
782,0,3,3270,58.217
783,1,1,2960,64.7
784,1,1,3160,67.717
785,1,2,3160,70.7
786,1,1,2960,78.883
787,1,2,2760,63.967
788,1,1,2760,65.483
789,1,1,2760,64.283
790,1,1,3560,64.633
791,1,2,2560,69.65
792,1,1,2760,71.55
793,1,1,2760,61.2
794,1,2,2760,74.717
795,1,1,2960,58.433
796,1,1,2760,64.0
797,1,1,3560,62.333
798,1,1,2960,63.7
799,1,2,3160,70.433
800,1,1,2760,72.617
801,1,1,2760,67.033
802,1,2,2960,70.183
803,1,1,3760,65.9
804,1,0,2560,61.583
805,1,1,2560,65.733
806,1,1,2760,65.5
807,1,1,2760,72.933
808,1,1,2960,69.633
809,1,0,2960,59.25
810,1,0,2760,66.733
811,1,1,3960,76.383
812,1,1,2760,72.2
813,1,0,3560,66.233
814,1,0,3110,57.9
815,1,0,2760,64.733
816,1,2,2760,71.883
817,1,1,3160,65.25
818,1,1,2560,58.167
819,1,2,2560,62.25
820,1,0,2960,65.4
821,1,1,2560,69.367
822,0,3,2330,58.783
823,1,1,3360,67.167
824,0,3,2570,57.933
825,1,1,2960,66.667
826,1,1,2760,69.567
827,1,1,3560,65.167
828,1,2,3160,77.617
829,1,0,3360,59.583
830,0,3,3120,64.217
831,0,3,3280,69.317
832,1,2,2760,67.733
833,1,2,2960,68.2
834,1,1,3160,69.95
835,1,2,3160,73.4
836,1,1,3360,61.45
837,1,1,3360,60.517
838,1,0,3160,61.733
839,1,0,3360,86.1
840,1,2,2960,79.633
841,1,1,3360,68.7
842,1,1,3560,64.55
843,1,1,3360,54.433
844,1,2,2960,62.45
845,0,3,2930,70.117
846,1,1,2960,64.05
847,1,2,2960,64.967
848,1,1,2960,62.167
849,1,2,3160,75.417
850,1,2,2960,76.467
851,1,2,3760,59.9
852,1,1,3160,71.35
853,1,2,2760,76.017
854,1,1,3360,76.617
855,1,2,3360,67.483
856,0,3,2760,64.483
857,1,2,2760,88.4
858,1,1,3160,68.317
859,1,2,2560,63.15
860,1,2,3160,61.5
861,1,2,2760,71.45
862,1,1,2560,84.667
863,0,3,2370,53.35
864,1,2,2760,74.35
865,1,0,3360,63.4
866,1,0,2560,67.067
867,1,2,2560,83.367
868,1,1,3160,80.317
869,1,1,2960,64.367
870,1,1,2960,67.717
871,1,2,3360,71.467
872,1,1,2960,82.417
873,1,1,2960,77.583
874,1,0,2960,68.4
875,1,1,2560,63.283
876,1,0,2760,60.233
877,1,0,2960,63.067
878,1,2,2760,72.333
879,1,0,3360,65.067
880,1,2,2960,78.067
881,1,1,3560,71.917
882,1,1,2760,67.2
883,1,2,2960,75.683
884,1,0,2960,64.567
885,1,1,3160,60.883
886,1,2,2960,68.85
887,1,1,2960,64.017
888,1,1,2760,63.517
889,1,2,2760,77.033
890,1,1,3360,60.633
891,1,2,2760,64.533
892,1,1,2760,62.85
893,0,3,3340,60.383
894,1,2,3360,70.933
895,1,1,2760,68.383
896,0,3,2950,76.083
897,1,1,2760,68.483
898,1,2,2960,73.3
899,1,2,2760,71.8
900,0,3,2350,48.133
901,1,1,3160,69.95
902,1,2,2960,73.517
903,1,2,2960,66.833
904,1,2,2760,67.517
905,1,2,2560,71.567
906,1,0,2760,60.583
907,1,1,3360,69.917
908,1,1,2960,79.483
909,1,2,2760,72.733
910,1,1,3760,70.283
911,1,1,2960,69.683
912,0,3,2340,50.8
913,1,1,2760,67.117
914,1,0,2960,66.733
915,1,1,2960,68.5
916,0,3,2060,41.583
917,1,1,3160,71.333
918,1,1,3760,66.317
919,1,1,3160,68.433
920,1,2,2960,93.617
921,1,0,2960,55.733
922,1,2,2560,75.35
923,1,1,2960,63.7
924,1,0,2960,63.4
925,1,2,3160,63.633
926,0,3,2910,69.0
927,1,0,2960,63.4
928,1,1,2760,67.333
929,1,1,3760,68.667
930,1,1,2760,70.85
931,1,0,3160,61.917
932,0,3,2480,57.933
933,1,2,2560,74.033
934,1,1,3160,64.033
935,1,0,2960,64.25
936,1,0,2760,62.733
937,1,2,3160,73.033
938,1,1,2960,65.3
939,1,1,2960,63.55
940,1,1,3360,74.167
941,1,2,2960,67.267
942,1,0,2760,75.25
943,0,3,2510,52.533
944,1,2,2960,80.583
945,1,2,2960,75.917
946,1,1,3160,73.817
947,1,1,2960,70.383
948,1,0,3160,67.9
949,1,2,2760,66.267
950,1,0,2960,68.583
951,1,2,3760,73.017
952,1,1,3160,62.7
953,1,0,3560,62.25
954,1,0,2760,66.233
955,1,0,3160,66.4
956,1,2,3360,61.783
957,0,3,2830,64.083
958,1,0,2960,68.9
959,1,1,3560,74.167
960,1,2,2960,61.967
961,1,1,2960,69.283
962,1,1,2960,68.0
963,1,1,2560,77.017
964,1,1,2960,68.217
965,1,0,3160,62.067
966,1,1,2960,67.317
967,1,0,2760,68.067
968,1,2,2560,62.3
969,0,3,3290,68.45
970,1,0,3160,66.583
971,1,1,2560,65.383
972,1,0,2560,61.067
973,1,1,2960,65.233
974,1,2,2560,71.867
975,1,0,2760,61.733
976,1,0,3360,64.4
977,1,1,3360,74.617
978,1,2,3360,72.783
979,1,2,2960,71.533
980,1,1,3560,72.75
981,1,0,2560,72.917
982,1,1,3160,64.233
983,1,1,3560,69.667
984,1,1,3160,64.5
985,1,2,2760,72.85
986,1,1,2760,63.883
987,1,1,2560,57.0
988,1,1,2960,70.617
989,1,1,3160,64.733
990,1,1,2960,68.35
991,1,1,3560,77.517
992,1,1,2760,63.5
993,1,2,3360,71.733
994,1,2,2960,71.433
995,1,1,3160,63.433
996,0,3,3550,84.417
997,1,2,2960,80.583
998,1,2,2760,63.717
999,1,2,3360,80.433
1000,0,3,2890,91.917
1001,1,2,2760,75.55
1002,0,3,2440,62.717
1003,1,1,3560,68.583
1004,1,1,2760,57.2
1005,1,1,2960,70.883
1006,1,2,3360,68.283
1007,1,1,3160,83.133
1008,0,3,2640,59.667
1009,1,2,2960,79.667
1010,1,2,3360,78.25
1011,1,1,2960,64.883
1012,1,0,3160,57.4
1013,1,1,3360,76.7
1014,1,1,2560,59.617
1015,1,1,2960,64.333
1016,1,0,3160,71.233
1017,1,2,2960,65.3
1018,1,1,3160,60.167
1019,1,2,2960,75.883
1020,1,2,3160,84.183
1021,1,1,2960,66.55
1022,1,2,3360,73.683
1023,1,0,2760,61.567
1024,1,2,2710,66.833
1025,1,1,3160,79.05
1026,0,3,2350,56.117
1027,1,0,3160,59.4
1028,0,3,2040,50.233
1029,1,2,2560,74.117
1030,1,1,2960,66.033
1031,1,2,2560,72.85
1032,0,3,2910,64.833
1033,1,1,2760,70.333
1034,1,2,2560,70.3
1035,1,1,2960,63.033
1036,0,3,2010,45.383
1037,1,0,3760,66.25
1038,1,0,2960,61.583
1039,1,2,2960,66.9
1040,1,1,2560,58.167
1041,1,1,2560,72.317
1042,1,1,3160,72.133
1043,1,0,2760,57.733
1044,1,2,2760,70.133
1045,1,2,2960,72.617
1046,1,0,3360,67.4
1047,1,2,2960,79.867
1048,1,1,2960,62.333
1049,1,1,2960,70.35
1050,1,2,2760,79.683
1051,1,1,2760,73.667
1052,1,1,3160,72.867
1053,1,2,3160,80.767
1054,1,2,4160,74.567
1055,1,1,2760,69.683
1056,1,2,2960,71.767
1057,1,1,2760,78.933
1058,0,3,2410,59.567
1059,1,1,3360,64.133
1060,1,1,2760,78.333
1061,1,1,3360,68.783
1062,1,1,3760,73.767
1063,1,1,2760,64.033
1064,1,1,2760,71.183
1065,1,1,2960,74.1
1066,1,0,3360,66.4
1067,1,1,3160,71.0
1068,0,3,2890,60.917
1069,1,1,2960,72.033
1070,1,2,2760,73.617
1071,1,1,2960,71.0
1072,0,3,3070,66.25
1073,1,1,2760,69.817
1074,1,1,3160,67.9
1075,1,2,2960,70.05
1076,1,0,2760,61.25
1077,1,0,2960,68.75
1078,1,0,2760,70.067
1079,1,1,3360,79.483
1080,1,2,2960,68.833
1081,1,0,2960,71.583
1082,1,2,2960,88.7
1083,1,2,2960,72.833
1084,1,1,3160,57.633
1085,1,1,3560,70.217
1086,1,1,2760,67.1
1087,1,2,2760,72.5
1088,1,0,2960,59.4
1089,1,1,3160,67.883
1090,1,2,2760,61.467
1091,1,1,2760,67.833
1092,1,1,3110,67.483
1093,1,0,2960,66.067
1094,1,2,2760,73.1
1095,1,1,2960,76.533
1096,0,3,2140,49.85
1097,1,1,2760,64.05
1098,1,2,2960,68.85
1099,1,1,3160,72.0
1100,1,2,2960,70.317
1101,1,1,3760,69.467
1102,1,2,2760,85.783
1103,1,1,3360,65.567
1104,1,1,2760,73.183
1105,1,0,2960,61.9
1106,1,1,3160,69.917
1107,1,1,2560,73.883
1108,1,2,2960,69.683
1109,1,2,2960,76.117
1110,1,1,3160,62.033
1111,1,2,2960,70.317
1112,0,3,2450,50.85
1113,1,0,2760,60.917
1114,1,1,2960,70.517
1115,1,2,3560,68.833
1116,1,2,2960,63.517
1117,1,1,2960,66.683
1118,1,1,2960,59.433
1119,1,1,3160,68.5
1120,1,2,2760,65.95
1121,1,0,2960,67.417
1122,0,3,2560,56.05
1123,1,2,2760,68.117
1124,0,3,2680,62.033
1125,1,1,2960,60.517
1126,1,1,2760,66.8
1127,1,2,2560,79.517
1128,1,2,2760,74.833
1129,1,2,2960,73.95
1130,1,2,2760,70.317
1131,0,3,2950,61.267
1132,1,2,3160,68.733
1133,1,1,4160,67.617
1134,0,3,2870,72.5
1135,1,1,2760,65.15
1136,1,1,3160,74.85
1137,1,0,2760,60.25
1138,1,1,3160,60.8
1139,1,0,3560,61.733
1140,1,1,3160,74.733
1141,1,1,2960,65.4
1142,1,2,2760,81.15
1143,1,1,2960,73.5
1144,0,3,2820,68.7
1145,1,1,2760,60.333
1146,1,2,2960,62.167
1147,0,3,2610,61.117
1148,1,1,3360,65.217
1149,1,2,2560,66.517
1150,1,0,2560,69.733
1151,1,0,3360,66.733
1152,1,1,3360,73.05
1153,1,2,2760,89.35
1154,1,1,3160,68.967
1155,1,1,2560,64.983
1156,1,1,2760,64.067
1157,1,0,2960,62.25
1158,1,1,2760,56.533
1159,1,0,2760,57.567
1160,1,1,2760,60.35
1161,0,3,2510,71.5
1162,1,1,2960,66.617
1163,1,0,3160,57.067
1164,1,2,2760,74.183
1165,1,1,2760,62.167
1166,1,1,2960,67.467
1167,1,1,2760,65.9
1168,1,1,3160,66.667
1169,1,1,2960,62.383
1170,1,2,2960,74.4
1171,1,0,2960,62.733
1172,1,1,2760,70.567
1173,1,1,2760,63.667
1174,1,0,2960,59.917
1175,1,0,3760,69.067
1176,1,2,2760,79.95
1177,1,0,2960,72.067
1178,1,1,2760,72.45
1179,1,1,2960,70.5
1180,1,1,2760,85.067
1181,1,2,2760,61.65
1182,1,1,2960,68.6
1183,1,2,2760,74.65
1184,1,2,2760,62.733
1185,1,1,2960,63.483
1186,1,2,3160,60.833
1187,1,1,3760,65.383
1188,1,1,3560,72.667
1189,0,3,2260,51.033
1190,1,1,3560,69.333
1191,1,1,2560,63.383
1192,1,1,3160,70.417
1193,1,1,2960,67.833
1194,1,2,2760,84.267
1195,1,1,2560,63.217
1196,1,1,2560,61.533
1197,1,1,2560,63.95
1198,1,2,3160,76.25
1199,1,0,2960,64.733
1200,1,1,2760,66.917
1201,1,2,2960,71.533
1202,1,1,3160,88.367
1203,1,1,3960,71.083
1204,1,2,2960,66.867
1205,1,1,3160,65.133
1206,1,2,2560,61.167
1207,1,2,2960,64.817
1208,1,1,3360,71.817
1209,1,1,3360,70.083
1210,1,1,3160,62.167
1211,1,1,3160,79.333
1212,1,1,2760,64.017
1213,1,2,3160,85.4
1214,1,1,3160,66.033
1215,1,0,3160,61.067
1216,1,2,2760,66.433
1217,1,0,3160,74.25
1218,1,1,2560,69.117
1219,1,2,3360,72.45
1220,1,0,2760,69.583
1221,1,1,3360,70.167
1222,1,2,2760,80.25
1223,1,1,2760,70.5
1224,1,1,2560,67.233
1225,1,1,3560,75.45
1226,1,0,2760,63.4
1227,1,0,3160,68.9
1228,1,1,3160,72.533
1229,1,0,2760,61.583
1230,1,0,2960,73.067
1231,1,0,3360,64.917
1232,1,1,2760,69.333
1233,1,1,2960,66.4
1234,1,2,3160,69.783
1235,1,0,3560,61.583
1236,1,2,3160,80.683
1237,1,1,3560,63.233
1238,1,1,2960,61.833
1239,1,2,2960,67.6
1240,0,3,2790,71.1
1241,1,1,2760,55.433
1242,1,1,2960,68.35
1243,1,2,3360,82.283
1244,0,3,2780,60.4
1245,1,1,3160,73.55
1246,1,0,3960,73.233
1247,1,0,2960,66.067
1248,1,2,2960,72.717
1249,1,1,2560,62.733
1250,1,2,2760,86.133
1251,1,1,2960,74.567
1252,1,1,2760,67.233
1253,1,1,2760,66.433
1254,1,1,3160,67.983
1255,1,2,3160,76.017
1256,1,1,2760,64.717
1257,1,1,3160,61.5
1258,1,1,3160,75.333
1259,1,2,3160,60.933
1260,1,1,2960,68.067
1261,1,1,2760,63.45
1262,1,1,3360,82.767
1263,1,1,2960,70.183
1264,0,3,2290,61.033
1265,1,2,3160,71.1
1266,1,1,2960,62.7
1267,1,2,2960,80.983
1268,1,0,2960,66.233
1269,1,0,3560,75.267
1270,0,3,2890,65.55
1271,1,2,2760,78.8
1272,1,1,2560,53.55
1273,1,0,3160,65.733
1274,1,2,2960,61.133
1275,0,3,2700,70.6
1276,1,1,2960,68.7
1277,1,2,3160,82.483
1278,1,1,3160,66.367
1279,1,2,3110,62.833
1280,1,1,2760,83.15
1281,1,0,3560,74.233
1282,1,1,3160,66.817
1283,0,3,2630,60.217
1284,1,2,2560,77.717
1285,1,1,2960,74.783
1286,1,1,2760,58.9
1287,1,2,2760,86.0
1288,1,1,2960,63.283
1289,1,0,3360,65.583
1290,1,1,3160,75.367
1291,0,3,3010,54.517
1292,1,1,3560,71.167
1293,1,1,2960,74.017
1294,1,1,2560,73.583
1295,1,1,3160,60.667
1296,1,2,2760,67.517
1297,0,3,2960,52.8
1298,1,2,2960,69.167
1299,1,2,2960,67.583
1300,0,3,2360,42.767
1301,1,0,3160,73.583
1302,1,2,2760,68.683
1303,1,2,2960,63.133
1304,1,2,2960,79.8
1305,1,1,2960,76.117
1306,1,2,2960,64.2
1307,1,2,2960,68.917
1308,0,3,2450,51.733
1309,1,1,2960,56.467
1310,0,3,2920,58.783
1311,1,2,2760,85.433
1312,1,0,2560,62.4
1313,1,1,2760,68.9
1314,0,3,2690,58.583
1315,1,1,2760,70.833
1316,1,0,2960,64.4
1317,0,3,2910,69.067
1318,1,1,3760,67.667
1319,1,1,2960,59.0
1320,1,2,2760,71.65
1321,1,1,2960,61.183
1322,1,1,2960,69.367
1323,1,2,2760,68.567
1324,1,1,2560,72.533
1325,1,1,3160,74.317
1326,0,3,2210,51.5
1327,1,0,2760,61.067
1328,1,2,3160,61.517
1329,0,3,2700,54.833
1330,1,1,2960,63.567
1331,1,2,2960,73.5
1332,1,1,2760,61.3
1333,1,1,2960,69.733
1334,1,1,2760,66.1
1335,1,0,3360,75.567
1336,1,1,2760,69.183
1337,1,2,2960,65.3
1338,1,0,2760,63.917
1339,1,0,2960,59.233
1340,1,2,3160,72.767
1341,1,2,2760,68.317
1342,1,0,3160,68.067
1343,1,2,2560,72.483
1344,1,2,3160,79.533
1345,1,1,2560,71.567
1346,1,2,2960,62.333
1347,1,1,2960,65.9
1348,1,1,2960,77.75
1349,1,0,2960,71.9
1350,1,1,2760,70.883
1351,1,0,2760,64.4
1352,1,2,2960,64.817
1353,1,2,2960,88.2
1354,1,2,2560,63.483
1355,1,1,3360,73.55
1356,1,0,2960,58.4
1357,1,0,2960,63.4
1358,1,2,3160,78.517
1359,1,1,2760,64.717
1360,1,2,2560,78.833
1361,1,2,2960,65.033
1362,1,1,3560,69.617
1363,1,2,2760,76.267
1364,1,2,2960,84.017
1365,1,2,2560,72.7
1366,1,2,3160,62.3
1367,1,0,3560,76.233
1368,1,1,2960,65.0
1369,0,3,2710,75.117
1370,0,3,2570,66.017
1371,1,0,3160,67.733
1372,1,1,3360,68.333
1373,1,1,2760,66.867
1374,1,2,2560,76.95
1375,1,1,3360,67.333
1376,1,2,2960,63.5
1377,1,1,2560,58.95
1378,1,2,2760,61.267
1379,1,2,2710,72.917
1380,1,0,2960,61.733
1381,1,2,2960,71.167
1382,1,0,2960,72.9
1383,1,2,2560,63.5
1384,1,2,2760,66.65
1385,1,2,3360,66.083
1386,1,2,2760,86.217
1387,1,2,2960,73.85
1388,1,2,2960,71.133
1389,1,2,2760,61.6
1390,1,1,3360,66.4
1391,0,3,2450,46.967
1392,1,1,2960,60.8
1393,1,2,3160,74.1
1394,1,0,3760,73.067
1395,1,2,2960,83.65
1396,1,1,3160,70.55
1397,1,2,2960,65.0
1398,1,2,2760,63.017
1399,1,2,2760,72.3
1400,1,1,3360,77.667
1401,1,1,2960,63.667
1402,1,1,2960,61.483
1403,1,2,2560,64.567
1404,1,2,3160,70.2
1405,1,2,2960,75.5
1406,1,2,2760,75.533
1407,1,2,2760,70.783
1408,1,2,2760,75.05
1409,1,1,2960,63.467
1410,0,3,2420,51.75
1411,1,1,3160,68.35
1412,1,1,2960,72.383
1413,1,2,3560,90.217
1414,1,1,2960,61.05
1415,1,0,3160,62.567
1416,1,1,3960,70.483
1417,1,1,3160,77.85
1418,1,1,3160,71.333
1419,1,1,3760,63.133
1420,1,1,2960,72.55
1421,1,2,2960,68.9
1422,1,1,2760,76.8
1423,1,2,2560,70.267
1424,1,2,2760,75.417
1425,1,2,2760,76.333
1426,0,3,2670,61.433
1427,1,1,2960,66.367
1428,1,1,3560,73.883
1429,1,0,3360,60.917
1430,1,1,3160,83.067
1431,1,0,3560,73.9
1432,1,1,2760,67.817
1433,1,1,2760,62.05
1434,1,2,2960,78.5
1435,1,1,3160,78.0
1436,1,0,2560,64.417
1437,1,1,3110,69.033
1438,1,0,3560,78.4
1439,1,0,3760,69.4
1440,1,2,2960,60.333
1441,1,0,2910,64.233
1442,1,2,2960,75.717
1443,1,2,2960,67.4
1444,1,2,2760,72.183
1445,1,2,2960,76.333
1446,1,1,2960,64.733
1447,1,2,2560,72.65
1448,1,2,2560,61.233
1449,1,1,2560,65.0
1450,0,3,2700,65.817
1451,1,1,2960,68.367
1452,1,1,3560,82.15
1453,1,2,3360,68.1
1454,1,1,3360,81.167
1455,1,0,3160,67.75
1456,1,0,3360,59.9
1457,1,1,2560,66.733
1458,1,2,2960,74.717
1459,1,1,2760,66.5
1460,1,1,2760,74.2
1461,1,1,2760,59.483
1462,1,2,2960,71.4
1463,1,0,2760,58.233
1464,1,0,2760,61.4
1465,1,1,3160,74.2
1466,1,2,3360,81.317
1467,1,1,2760,61.333
1468,1,1,3160,83.65
1469,1,1,3360,69.35
1470,1,2,2760,80.783
1471,1,0,2760,62.567
1472,0,3,2640,64.417
1473,1,2,2760,74.367
1474,1,2,2710,62.267
1475,1,1,2960,72.533
1476,1,0,2760,58.583
1477,1,1,3560,71.817
1478,1,0,2960,64.233
1479,1,2,2960,68.683
1480,1,2,3360,69.6
1481,0,3,3110,77.117
1482,1,0,2760,58.067
1483,1,2,3160,72.2
1484,1,0,3360,70.4
1485,1,2,3360,78.167
1486,1,2,3160,67.15
1487,1,1,2960,67.217
1488,1,0,2960,60.067
1489,1,0,2960,88.583
1490,1,1,2960,59.567
1491,1,0,3560,58.9
1492,1,0,3760,63.733
1493,1,1,2960,66.067
1494,0,3,2700,66.75
1495,1,0,3360,64.917
1496,1,2,3160,65.617
1497,1,1,3160,73.567
1498,1,2,2960,81.85
1499,1,2,3160,76.833
1500,1,1,3560,70.383
1501,1,2,2560,76.933
1502,1,1,3160,70.867
1503,1,1,3560,72.417
1504,1,2,3160,64.317
1505,1,1,2760,66.383
1506,0,3,2460,72.233
1507,1,2,2760,89.8
1508,1,2,2760,62.033
1509,1,1,2760,72.533
1510,1,1,2960,66.267
1511,1,2,2560,71.667
1512,1,0,2960,60.25
1513,1,2,2960,66.433
1514,1,1,2760,80.15
1515,1,0,2560,66.4
1516,1,1,3160,73.883
1517,1,0,3560,72.067
1518,1,1,2760,67.383
1519,1,1,2960,71.967
1520,1,1,3360,66.1
1521,1,0,3160,61.4
1522,1,1,3560,70.183
1523,1,1,3160,72.667
1524,1,2,3160,78.067
1525,1,1,3160,69.317
1526,1,1,3960,69.5
1527,1,2,2960,70.85
1528,1,2,2960,79.033
1529,1,1,2560,62.067
1530,1,1,3360,72.0
1531,1,1,2960,68.55
1532,1,2,2960,69.4
1533,0,3,2880,66.383
1534,1,2,2960,69.167
1535,1,1,2760,60.533
1536,1,1,2760,58.85
1537,1,1,3560,78.617
1538,1,1,2560,69.383
1539,1,1,3160,66.617
1540,1,0,2760,59.567
1541,1,1,2960,64.333
1542,1,1,2560,73.0
1543,0,3,2310,43.8
1544,1,1,2760,55.383
1545,1,0,2960,91.267
1546,1,2,2560,80.25
1547,1,1,2960,70.333
1548,1,2,2960,71.333
1549,0,3,2390,52.25
1550,1,0,3160,64.067
1551,1,1,2960,71.567
1552,0,3,2060,48.683
1553,0,3,2320,56.833
1554,1,2,2960,71.1
1555,1,2,2760,72.983
1556,1,0,3360,63.25
1557,1,0,3160,71.067
1558,1,2,2960,72.333
1559,1,0,3560,78.9
1560,1,1,2760,81.817
1561,1,1,3160,64.833
1562,1,1,3160,67.567
1563,1,2,2760,63.65
1564,1,2,2960,64.783
1565,1,1,2910,61.567
1566,1,2,3160,78.867
1567,1,1,3110,88.233
1568,1,1,3160,58.833
1569,1,1,2960,68.867
1570,1,0,2960,63.067
1571,1,0,3360,59.567
1572,1,0,3560,63.917
1573,0,3,2950,64.417
1574,1,1,3360,70.25
1575,1,1,3160,69.883
1576,1,1,2960,74.217
1577,1,0,3360,70.567
1578,1,2,2960,77.733
1579,1,0,2560,76.567
1580,1,1,2960,69.167
1581,1,2,2760,61.633
1582,1,1,2760,62.65
1583,1,0,3160,66.733
1584,1,2,2560,70.333
1585,1,0,3160,67.4
1586,1,1,3160,66.0
1587,1,2,2760,69.067
1588,1,0,3160,76.583
1589,1,2,2960,71.45
1590,0,3,2950,80.517
1591,1,2,2760,63.5
1592,1,1,2760,64.283
1593,1,1,3160,63.0
1594,1,1,2560,63.283
1595,1,0,2760,70.25
1596,0,3,2950,69.433
1597,1,1,2960,61.5
1598,1,1,2760,58.15
1599,1,1,2560,59.067
1600,1,0,2960,78.583
1601,1,1,2760,63.667
1602,1,1,2760,71.333
1603,1,1,2910,69.7
1604,1,1,2760,74.333
1605,1,0,2960,77.4
1606,1,1,3160,70.867
1607,1,2,2960,69.283
1608,1,2,2560,69.933
1609,1,1,2960,73.2
1610,1,1,2960,59.883
1611,1,2,3960,74.6
1612,1,2,2960,78.15
1613,1,2,2960,78.267
1614,1,0,2960,59.733
1615,1,1,2960,82.583
1616,1,2,3160,65.633
1617,1,2,2960,66.233
1618,1,2,2960,65.233
1619,1,2,2760,72.8
1620,0,3,2580,57.433
1621,1,2,3360,63.883
1622,1,0,3160,63.083
1623,1,0,2960,74.233
1624,1,1,2760,69.217
1625,1,1,2960,69.75
1626,1,1,2960,73.667
1627,1,1,3160,66.2
1628,1,1,2760,69.867
1629,1,1,3160,67.25
1630,1,0,2960,59.9
1631,1,0,2560,61.75
1632,1,1,2960,69.533
1633,1,0,2960,63.567
1634,1,1,2760,74.683
1635,1,1,2960,66.017
1636,1,1,2760,69.5
1637,1,1,3360,80.317
1638,1,1,2960,61.55
1639,1,2,4160,63.433
1640,1,0,2560,60.733
1641,1,1,3760,67.6
1642,1,1,2760,65.267
1643,1,0,2960,61.067
1644,1,0,2560,65.567
1645,1,1,3160,63.7
1646,1,0,2760,66.917
1647,1,0,2960,61.917
1648,1,1,2760,65.45
1649,1,2,2910,74.65
1650,1,1,2760,63.067
1651,1,2,2960,63.4
1652,1,1,3160,63.167
1653,1,1,2960,68.583
1654,1,0,3160,57.067
1655,1,0,3360,69.9
1656,1,1,3160,73.5
1657,1,2,2960,65.133
1658,1,0,2760,63.733
1659,1,0,3160,64.4
1660,1,1,2960,58.85
1661,1,2,2960,65.967
1662,1,0,3160,72.083
1663,1,1,2560,82.083
1664,1,1,2960,69.367
1665,1,1,2760,77.117
1666,1,2,3160,66.117
1667,1,2,2560,65.1
1668,1,1,2960,67.7
1669,1,2,3160,69.767
1670,1,2,3160,67.483
1671,1,2,2960,73.783
1672,1,2,2960,76.367
1673,1,1,2960,60.867
1674,1,0,2960,65.917
1675,1,0,2560,62.4
1676,1,2,2760,69.783
1677,1,2,2760,70.15
1678,1,2,2560,73.75
1679,1,2,3160,62.433
1680,1,0,2960,58.067
1681,1,1,2960,56.467
1682,1,0,2960,66.567
1683,1,2,3160,66.367
1684,1,2,2560,79.983
1685,1,2,2760,67.433
1686,1,1,2560,68.217
1687,1,1,2560,73.783
1688,1,1,2960,63.233
1689,1,0,2760,61.917
1690,1,0,3560,64.583
1691,1,1,2760,70.033
1692,1,1,2960,62.667
1693,1,1,2760,62.2
1694,1,1,3160,73.367
1695,1,2,3360,68.517
1696,1,0,3360,62.25
1697,1,1,2960,67.55
1698,1,1,3560,60.45
1699,1,1,3360,75.567
1700,1,2,2760,76.067
1701,1,1,2760,69.567
1702,1,1,2560,65.7
1703,1,1,2760,76.05
1704,1,1,3560,72.0
1705,1,0,2760,70.733
1706,1,1,2760,73.7
1707,1,1,3160,64.1
1708,1,0,3160,71.233
1709,1,1,3160,64.317
1710,1,1,2760,80.567
1711,1,1,3360,78.75
1712,1,0,3160,72.733
1713,1,2,3160,70.383
1714,1,2,2960,76.567
1715,1,2,2960,76.7
1716,0,3,2690,61.767
1717,1,1,2960,67.733
1718,1,1,3360,65.167
1719,1,2,2960,70.733
1720,1,0,2960,54.4
1721,0,3,2690,64.567
1722,1,2,2760,64.967
1723,1,0,2760,57.4
1724,1,0,3360,66.917
1725,1,2,3360,72.167
1726,0,3,2910,73.75
1727,1,2,2760,69.7
1728,1,0,2560,60.067
1729,0,3,2940,83.117
1730,1,0,3160,81.567
1731,1,2,3360,94.45
1732,1,1,2960,64.467
1733,1,2,3360,63.733
1734,1,2,2960,66.5
1735,1,2,2760,65.85
1736,1,2,2960,66.817
1737,1,1,2760,72.717
1738,1,1,3760,78.783
1739,1,0,3160,66.567
1740,1,0,3560,63.917
1741,1,1,2760,55.85
1742,0,3,2650,64.233
1743,0,3,3080,69.8
1744,1,1,2960,64.317
1745,1,1,2960,70.267
1746,0,3,2300,53.8
1747,1,0,3760,57.917
1748,0,3,2310,54.9
1749,1,0,2960,69.067
1750,1,0,3360,62.25
1751,1,2,2910,72.133
1752,0,3,2850,62.467
1753,1,2,2960,75.633
1754,1,1,2960,72.8
1755,1,1,3160,75.333
1756,1,2,2960,70.017
1757,1,2,2760,61.133
1758,1,2,2960,61.15
1759,1,2,2760,64.833
1760,1,1,2960,67.467
1761,1,2,3110,84.967
1762,1,0,2960,72.4
1763,1,2,2960,81.983
1764,1,2,2960,65.133
1765,1,0,3360,64.733
1766,1,1,2760,60.983
1767,1,1,2960,90.233
1768,1,1,2560,57.217
1769,1,2,2560,66.567
1770,1,2,3360,63.033
1771,1,1,2760,69.55
1772,0,3,2370,67.767
1773,0,3,2740,61.883
1774,1,1,3160,76.0
1775,0,3,2450,45.383
1776,1,1,3360,65.85
1777,1,0,3560,63.9
1778,1,1,3560,70.833
1779,1,1,3360,63.55
1780,1,2,3560,75.5
1781,0,3,2350,56.533
1782,1,1,3160,71.85
1783,1,0,2760,60.4
1784,1,1,3960,75.333
1785,1,2,2560,60.933
1786,1,2,2960,61.8
1787,1,0,2960,67.4
1788,1,0,3160,69.733
1789,1,1,3760,71.5
1790,1,1,2560,68.233
1791,1,1,2960,65.983
1792,1,2,2960,66.817
1793,1,2,3160,73.833
1794,1,2,3160,77.867
1795,0,3,3000,56.633
1796,1,1,2960,65.4
1797,1,2,3160,74.633
1798,1,1,3560,77.1
1799,1,2,2760,71.25
1800,1,0,2760,70.4
1801,0,3,2590,65.967
1802,1,0,2960,70.233
1803,1,2,2560,67.733
1804,1,2,2960,62.25
1805,1,1,3160,74.233
1806,1,1,2760,63.233
1807,1,1,2560,57.383
1808,1,0,3560,60.4
1809,1,1,3360,68.4
1810,1,0,3560,67.067
1811,1,2,2760,76.933
1812,1,0,3360,80.4
1813,1,1,3160,64.333
1814,1,2,2760,78.583
1815,1,0,2760,70.733
1816,1,1,2760,65.833
1817,1,1,3160,87.0
1818,1,0,2960,62.067
1819,1,1,3560,77.067
1820,1,1,2760,65.433
1821,1,1,2960,61.65
1822,1,1,2960,58.217
1823,1,1,2760,62.05
1824,1,1,2560,72.533
1825,1,1,3960,78.383
1826,1,1,3760,72.983
1827,1,1,2760,65.95
1828,1,1,2960,74.983
1829,1,2,2960,70.15
1830,1,1,3360,81.4
1831,1,1,2960,71.6
1832,1,2,2960,75.15
1833,1,1,2960,59.9
1834,1,1,2960,62.233
1835,1,1,2960,72.9
1836,0,3,2660,50.317
1837,1,2,3360,54.65
1838,1,1,3360,67.0
1839,1,2,3160,69.85
1840,1,1,3160,80.9
1841,1,2,2760,74.267
1842,0,3,2570,57.917
1843,1,2,3160,72.6
1844,1,0,2960,65.4
1845,1,0,2960,67.25
1846,1,1,3160,69.667
1847,1,1,2760,73.717
1848,0,3,2370,48.183
1849,1,1,2760,58.7
1850,1,2,2560,67.017
1851,0,3,1970,54.45
1852,1,2,2760,67.967
1853,1,2,2560,72.483
1854,1,0,3160,61.583
1855,1,0,2560,55.067
1856,1,2,2560,60.917
1857,1,1,3160,69.533
1858,0,3,2630,57.733
1859,1,2,2960,63.767
1860,1,0,2960,68.25
1861,1,0,3160,64.417
1862,1,1,2560,61.55
1863,1,2,2760,67.167
1864,1,1,3160,69.867
1865,1,2,3160,68.383
1866,1,2,3760,58.283
1867,1,0,2760,65.9
1868,1,1,2760,56.933
1869,1,1,2960,68.067
1870,1,0,3160,70.4
1871,1,2,2960,73.933
1872,1,2,3160,76.967
1873,1,1,2760,60.967
1874,1,2,2760,57.8
1875,1,1,2560,71.833
1876,1,2,2760,63.417
1877,0,3,2720,65.583
1878,1,2,2760,65.8
1879,1,0,2960,60.567
1880,1,1,2560,57.617
1881,0,3,2640,69.717
1882,1,0,2760,61.067
1883,1,1,3160,74.05
1884,1,1,2960,61.3
1885,1,2,3360,74.867
1886,1,2,3760,73.5
1887,0,3,2410,53.4
1888,1,2,2760,62.367
1889,1,1,2960,64.45
1890,1,2,2960,66.65
1891,1,2,3760,68.45
1892,0,3,2950,85.15
1893,1,0,2760,61.417
1894,1,2,3160,80.033
1895,1,1,2960,70.017
1896,1,1,2960,62.533
1897,1,0,3360,60.4
1898,1,1,3360,70.5
1899,1,1,2760,65.9
1900,1,2,2760,72.083
1901,1,2,3360,74.683
1902,1,0,2960,58.733
1903,1,1,3360,84.017
1904,1,1,3160,71.133
1905,1,2,2960,66.367
1906,1,1,2960,66.45
1907,1,0,3160,74.417
1908,1,1,2960,77.95
1909,1,1,2760,66.167
1910,1,1,3160,76.633
1911,1,0,2960,62.9
1912,1,2,2960,62.683
1913,1,1,2960,66.033
1914,1,2,2760,68.983
1915,1,2,3160,65.267
1916,0,3,3440,72.267
1917,1,2,2560,87.95
1918,1,1,3360,68.133
1919,0,3,2190,50.2
1920,1,1,2560,61.817
1921,1,1,2960,64.05
1922,1,1,2960,60.95
1923,1,2,3560,72.717
1924,1,1,2760,61.333
1925,1,1,3360,60.783
1926,1,2,2960,70.3
1927,1,1,2960,77.667
1928,1,1,2560,81.283
1929,1,0,3560,58.733
1930,1,1,2960,61.483
1931,1,1,3360,70.85
1932,1,0,2560,61.25
1933,1,2,2960,71.733
1934,1,2,2760,68.45
1935,1,0,2960,65.733
1936,1,1,3560,69.95
1937,1,1,3160,70.45
1938,1,1,2960,74.217
1939,0,3,2700,77.967
1940,1,1,3110,65.617
1941,1,1,3560,64.017
1942,1,0,3160,60.733
1943,1,2,3160,73.833
1944,1,2,2960,66.383
1945,1,0,2960,61.417
1946,1,0,3360,65.067
1947,1,2,2960,84.883
1948,1,1,2760,62.867
1949,1,1,2560,76.517
1950,1,1,3560,64.367
1951,1,1,2760,63.867
1952,1,1,2960,68.0
1953,1,0,2760,67.25
1954,1,1,3360,63.667
1955,1,2,2560,69.3
1956,1,1,2960,70.167
1957,0,3,3270,58.867
1958,1,1,3360,72.783
1959,1,2,2560,63.033
1960,1,1,3110,65.3
1961,0,3,2870,52.1
1962,1,1,2910,66.617
1963,1,1,3160,64.25
1964,1,1,2560,65.85
1965,1,2,2960,65.517
1966,1,1,2560,66.217
1967,1,0,2760,67.733
1968,1,0,2960,61.25
1969,1,2,2560,73.25
1970,1,1,2960,67.333
1971,0,3,2720,75.167
1972,1,1,2960,66.733
1973,1,1,2760,63.667
1974,1,1,2960,60.7
1975,1,1,2760,68.217
1976,0,3,2470,50.367
1977,0,3,2150,45.1
1978,1,1,2760,64.233
1979,0,3,2700,76.917
1980,0,3,2830,61.383
1981,1,2,2960,72.9
1982,0,3,2540,57.633
1983,1,1,3160,66.567
1984,1,2,2960,63.75
1985,1,0,2760,66.067
1986,1,2,3560,73.417
1987,1,1,2760,70.717
1988,1,1,2960,59.783
1989,1,1,3160,65.467
1990,1,2,2960,58.6
1991,1,2,2760,72.783
1992,1,0,3160,68.4
1993,1,1,3160,68.1
1994,0,3,2940,67.35
1995,1,1,3360,70.917
1996,1,2,2960,69.283
1997,1,1,3160,61.467
1998,1,2,2560,68.983
1999,1,1,2760,69.117
2000,1,1,2760,68.317
2001,1,0,3560,64.9
2002,1,1,2960,59.233
2003,1,2,2560,62.0
2004,1,1,2760,61.35
2005,1,1,2760,65.267
2006,1,2,2960,63.65
2007,1,0,2760,70.4
2008,1,1,3560,67.483
2009,1,0,2960,75.567
2010,1,0,2960,62.917
2011,1,0,3360,77.417
2012,1,1,2760,72.05
2013,1,2,2760,68.533
2014,1,1,2760,64.017
2015,1,1,2960,78.467
2016,1,1,3160,70.383
2017,1,2,2960,69.283
2018,1,1,2960,71.05
2019,0,3,2710,64.4
2020,1,1,2960,69.733
2021,1,1,2760,67.917
2022,1,1,3160,63.867
2023,1,2,2960,70.65
2024,1,1,2760,61.567
2025,1,2,2760,64.467
2026,1,2,2960,82.167
2027,1,1,2760,57.55
2028,1,1,3560,69.55
2029,1,1,2960,62.833
2030,0,3,3310,73.033
2031,1,2,2960,61.633
2032,1,2,2760,70.0
2033,1,2,2560,70.6
2034,1,1,2760,70.733
2035,1,2,2760,60.1
2036,1,0,2960,70.25
2037,1,0,3360,79.417
2038,1,0,2960,59.4
2039,1,2,2960,79.833
2040,1,2,3360,73.283
2041,1,2,2960,61.783
2042,1,1,2760,64.7
2043,1,0,2960,71.767
2044,1,1,2960,70.7
2045,1,2,2760,68.183
2046,1,1,2960,72.4
2047,1,0,2760,64.067
2048,0,3,2780,65.1
2049,1,0,2560,60.583
2050,1,0,2960,59.733
2051,1,2,3160,79.967
2052,1,1,3160,65.067
2053,1,1,2760,58.833
2054,1,2,3160,73.133
2055,0,3,3170,59.667
2056,1,1,2960,68.217
2057,1,1,3160,71.85
2058,1,0,2760,67.233
2059,0,3,3130,72.833
2060,1,0,3360,66.4
2061,1,0,2760,64.733
2062,1,1,3160,63.383
2063,1,1,2760,70.95
2064,1,1,2760,71.383
2065,1,1,2760,59.683
2066,1,1,3360,65.167
2067,0,3,2390,48.967
2068,1,1,3160,67.667
2069,0,3,2890,63.183
2070,1,2,3310,83.683
2071,1,0,3160,70.9
2072,1,0,2960,68.1
2073,1,0,3160,66.733
2074,1,1,2760,74.367
2075,1,1,2760,67.1
2076,1,1,2960,69.367
2077,0,3,2740,64.917
2078,1,1,3160,66.2
2079,1,0,3360,64.4
2080,1,1,3160,73.717
2081,1,0,3560,55.733
2082,1,1,2760,64.117
2083,0,3,2480,56.583
2084,1,0,3360,59.25
2085,1,2,2760,73.767
2086,1,0,3160,65.417
2087,1,1,2960,69.267
2088,1,1,2560,67.05
2089,1,1,2560,62.45
2090,1,1,2560,63.167
2091,1,1,3760,72.117
2092,1,1,3360,67.383
2093,1,0,2560,63.583
2094,1,2,2560,70.55
2095,1,1,2960,71.033
2096,0,3,2470,67.433
2097,1,0,3560,79.417
2098,1,0,2960,55.733
2099,1,1,2760,63.333
2100,1,1,2560,52.333
2101,1,1,2560,67.9
2102,1,2,2960,67.583
2103,1,1,2960,67.367
2104,0,3,2160,41.05
2105,0,3,2750,68.75
2106,1,2,2960,63.1
2107,1,0,3360,61.917
2108,1,2,2960,63.35
2109,1,1,3360,63.417
2110,1,0,2960,64.067
2111,0,3,2800,54.683
2112,1,0,3360,72.567
2113,1,2,2760,68.883
2114,1,1,3360,72.383
2115,1,2,2960,69.35
2116,1,0,2960,70.733
2117,1,1,3960,80.4
2118,0,3,2740,63.417
2119,1,0,2960,62.083
2120,0,3,2720,54.883
2121,1,1,2760,64.017
2122,0,3,2750,70.417
2123,1,1,3360,71.117
2124,1,0,3360,69.767
2125,1,1,2760,62.667
2126,1,1,3160,65.167
2127,1,1,2760,81.05
2128,1,1,3160,61.4
2129,1,0,2760,65.233
2130,1,2,2760,72.933
2131,1,1,2960,61.333
2132,1,0,3760,63.25
2133,1,0,3160,62.4
2134,1,1,3560,65.017
2135,1,2,3160,72.85
2136,1,2,3160,80.35
2137,0,3,3300,71.25
2138,0,3,2920,68.733
2139,1,1,3160,66.233
2140,1,1,2960,58.85
2141,1,1,2760,63.067
2142,1,2,2560,66.6
2143,1,2,2960,75.483
2144,1,1,2960,65.0
2145,0,3,2770,66.25
2146,1,0,3360,60.733
2147,1,1,3160,71.883
2148,1,1,3560,67.733
2149,1,1,3160,64.25
2150,0,3,2490,63.167
2151,0,3,2480,57.167
2152,1,1,3360,62.55
2153,1,2,2760,68.6
2154,1,1,3560,62.467
2155,1,1,2960,72.067
2156,1,1,3160,66.5
2157,1,2,2760,80.233
2158,1,1,2960,63.667
2159,1,2,2760,66.967
2160,1,1,2960,67.633
2161,1,1,2560,64.183
2162,0,3,2460,63.383
2163,1,2,2960,69.2
2164,1,1,3760,67.467
2165,1,1,2960,62.167
2166,1,1,3360,65.717
2167,1,0,2960,67.067
2168,1,2,2960,76.6
2169,1,1,3160,75.683
2170,1,1,2760,66.367
2171,1,1,3160,66.15
2172,1,1,3160,78.383
2173,0,3,2030,42.383
2174,1,1,2760,65.167
2175,1,1,2560,71.2
2176,1,1,2760,62.217
2177,1,0,2560,62.067
2178,1,2,2760,64.5
2179,1,1,3360,63.067
2180,0,3,2600,58.033
2181,1,2,2760,69.767
2182,0,3,2950,63.467
2183,1,1,3360,66.0
2184,1,2,3560,67.95
2185,1,2,3360,70.5
2186,1,0,2560,60.567
2187,1,0,2760,68.25
2188,1,2,3160,67.45
2189,0,3,2520,53.383
2190,1,1,3160,62.167
2191,1,1,3160,72.05
2192,1,2,3360,63.85
2193,1,1,3160,56.3
2194,1,2,2560,68.7
2195,1,0,2760,60.733
2196,1,1,2760,63.2
2197,1,2,2960,80.633
2198,1,0,2760,57.733
2199,1,2,2560,74.75
2200,1,0,2960,60.733
2201,1,1,2760,61.65
2202,1,2,2960,70.217
2203,1,0,3160,78.25
2204,1,0,2560,59.233
2205,1,1,3760,66.817
2206,1,0,3760,68.233
2207,1,2,3160,75.067
2208,1,2,2960,65.35
2209,1,2,3160,74.883
2210,1,1,3160,61.7
2211,1,1,3160,74.583
2212,1,1,2960,69.35
2213,1,0,2960,71.917
2214,1,0,3360,63.067
2215,1,1,2960,64.917
2216,0,3,2930,63.917
2217,1,1,2760,65.383
2218,1,1,2760,74.65
2219,1,1,2760,74.7
2220,1,0,2960,70.583
2221,1,1,2960,66.717
2222,1,2,2960,75.65
2223,0,3,2530,59.167
2224,1,2,2560,67.133
2225,0,3,2740,62.2
2226,1,1,2760,67.217
2227,1,0,2960,67.233
2228,1,1,2960,73.217
2229,1,1,3360,79.017
2230,1,1,3160,64.7
2231,1,1,3160,72.8
2232,1,1,3160,60.717
2233,1,1,2960,67.5
2234,1,1,3560,71.967
2235,1,1,2960,67.0
2236,1,1,2960,65.617
2237,1,2,3360,68.183
2238,1,2,2560,65.8
2239,1,2,2560,67.117
2240,1,1,3360,71.333
2241,1,1,3360,84.983
2242,1,1,2560,69.533
2243,1,0,2960,62.583
2244,0,3,2890,64.7
2245,1,2,2760,63.883
2246,1,2,2560,67.133
2247,1,0,2960,61.583
2248,0,3,2740,65.967
2249,1,0,2960,60.917
2250,0,3,2420,63.117
2251,1,1,3160,80.5
2252,1,1,2560,62.233
2253,1,2,2560,66.117
2254,1,2,3360,69.317
2255,1,1,2760,64.9
2256,1,2,2760,71.433
2257,1,1,3360,77.783
2258,1,1,2960,59.783
2259,1,0,2560,66.067
2260,1,2,2960,71.6
2261,1,1,2960,58.117
2262,1,0,3160,73.067
2263,1,2,3160,71.117
2264,1,2,3160,83.3
2265,1,0,2760,61.4
2266,1,1,3560,66.9
2267,1,2,2910,75.85
2268,1,1,2760,73.367
2269,1,2,2960,71.867
2270,1,0,2960,60.4
2271,1,2,2560,71.667
2272,1,2,2760,76.05
2273,1,2,2760,78.917
2274,0,3,2420,52.417
2275,1,0,3160,67.25
2276,0,3,2400,50.1
2277,1,2,2960,71.65
2278,1,1,3160,63.5
2279,1,0,3360,59.9
2280,1,2,3160,75.8
2281,1,1,3560,63.65
2282,1,1,3360,71.333
2283,1,1,2560,55.733
2284,1,0,2960,59.583
2285,0,3,2420,65.683
2286,1,2,2760,67.767
2287,1,2,2960,77.833
2288,1,0,3160,59.083
2289,1,2,2960,88.217
2290,1,2,2560,72.483
2291,1,1,3160,72.417
2292,1,1,2760,69.333
2293,1,2,3160,66.65
2294,1,2,2760,74.15
2295,1,1,2960,76.4
2296,1,2,2760,64.133
2297,1,1,2960,82.067
2298,1,1,2960,74.0
2299,1,2,3160,72.65
2300,0,3,2800,65.35
2301,1,1,2560,80.767
2302,1,2,2960,73.55
2303,1,1,2960,63.9
2304,1,1,3560,74.75
2305,1,0,3160,64.067
2306,1,0,3560,72.067
2307,1,2,2760,68.85
2308,1,2,2760,63.3
2309,1,0,3160,64.417
2310,1,0,3560,75.233
2311,1,0,2760,64.9
2312,1,1,3160,73.65
2313,1,0,2560,65.4
2314,1,0,2960,69.733
2315,1,1,2760,85.867
2316,1,0,2760,68.4
2317,0,3,2920,70.383
2318,1,1,2960,75.5
2319,1,1,2960,71.35
2320,1,0,2560,61.233
2321,1,2,2760,78.367
2322,1,1,2760,77.95
2323,1,1,3160,59.167
2324,1,2,2760,79.6
2325,1,2,2960,75.9
2326,1,1,2760,66.0
2327,1,1,2960,71.85
2328,1,2,2760,72.633
2329,1,0,2760,56.733
2330,1,0,3560,59.583
2331,1,1,2760,62.283
2332,1,2,2960,68.617
2333,1,1,2960,74.6
2334,1,2,2960,69.35
2335,1,1,2710,58.533
2336,1,0,2960,57.767
2337,1,1,2960,68.383
2338,1,2,2760,75.467
2339,1,2,2760,77.15
2340,1,2,2560,62.35
2341,1,1,2560,58.783
2342,1,2,2960,62.267
2343,1,2,3360,78.033
2344,1,1,3360,69.867
2345,1,1,2960,65.4
2346,1,1,3160,69.7
2347,1,1,2760,77.333
2348,1,2,2760,74.55
2349,1,2,2710,69.2
2350,0,3,2750,56.217
2351,1,2,2960,84.467
2352,1,1,3560,63.083
2353,1,2,2560,72.367
2354,1,2,3560,64.517
2355,1,2,2760,61.233
2356,0,3,2520,47.467
2357,1,1,2960,68.433
2358,1,2,2960,62.667
2359,1,1,2910,75.283
2360,1,2,2960,78.95
2361,1,1,3360,70.383
2362,1,1,2960,69.617
2363,0,3,2550,66.583
2364,0,3,2400,63.833
2365,1,1,2760,72.467
2366,1,1,2960,64.867
2367,1,1,3160,62.367
2368,1,1,3160,61.9
2369,1,1,3160,68.517
2370,1,0,2760,58.4
2371,1,1,3760,80.517
2372,0,3,2570,49.4
2373,1,2,3160,72.467
2374,1,0,4160,71.233
2375,1,0,3360,68.733
2376,1,1,2960,69.85
2377,1,0,2960,70.233
2378,1,1,2960,80.317
2379,1,0,2960,59.067
2380,0,3,2980,72.817
2381,1,2,3360,79.65
2382,1,1,2760,64.367
2383,1,1,3960,67.833
2384,1,0,2760,65.567
2385,1,0,2960,78.567
2386,0,3,2550,65.533
2387,1,1,2760,78.417
2388,1,2,3160,75.167
2389,1,2,3160,66.233
2390,1,1,3360,61.25
2391,1,1,2960,66.8
2392,1,2,2960,70.5
2393,1,1,3160,69.517
2394,1,2,2960,70.883
2395,0,3,2160,51.633
2396,1,2,2960,64.167
2397,1,0,3560,78.4
2398,1,1,3360,72.183
2399,1,1,3160,62.667
2400,1,1,3560,64.4
2401,1,1,2960,85.867
2402,1,1,3560,70.6
2403,1,1,2960,73.1
2404,1,1,2760,78.2
2405,1,0,2960,62.067
2406,1,0,2960,59.4
2407,1,1,3160,67.0
2408,1,1,2560,60.4
2409,1,1,3560,64.767
2410,1,0,2960,73.4
2411,1,2,2760,56.433
2412,1,1,2960,66.333
2413,1,1,3560,81.217
2414,1,1,3160,58.883
2415,1,1,3160,60.617
2416,1,2,2960,66.683
2417,1,2,2960,63.767
2418,1,2,3760,69.717
2419,1,1,3560,75.2
2420,1,1,3560,61.5
2421,1,1,2560,63.483
2422,1,1,2560,61.517
2423,1,2,2560,67.333
2424,1,0,2910,59.4
2425,1,1,3360,81.467
2426,1,1,3360,68.033
2427,1,1,2960,58.933
2428,0,3,3040,58.683
2429,1,1,2760,74.567
2430,1,2,2960,72.983
2431,1,1,2760,64.15
2432,1,0,3560,72.067
2433,1,1,3360,76.783
2434,1,2,3160,64.383
2435,1,0,3360,67.583
2436,1,2,2910,68.5
2437,1,1,2760,70.667
2438,1,1,3160,72.783
2439,1,1,3160,66.65
2440,1,1,2760,65.15
2441,1,1,3160,72.867
2442,1,0,2560,61.733
2443,1,2,2960,86.483
2444,1,2,2960,69.5
2445,1,1,3160,69.483
2446,1,0,3160,59.733
2447,1,1,2960,72.467
2448,1,2,2560,70.65
2449,1,0,2960,61.733
2450,1,0,3560,63.067
2451,0,3,2950,73.083
2452,1,2,2760,61.933
2453,1,1,2960,66.033
2454,1,1,2760,65.883
2455,1,1,2960,71.5
2456,1,2,3160,78.583
2457,1,0,2760,66.733
2458,1,1,3760,67.617
2459,1,2,2760,70.967
2460,1,0,2760,66.567
2461,1,2,2760,65.5
2462,1,1,3360,78.117
2463,1,2,3160,78.717
2464,1,1,3760,80.333
2465,1,1,2960,63.3
2466,1,1,2960,67.9
2467,1,2,2960,65.183
2468,1,2,3160,59.75
2469,0,3,2950,69.8
2470,1,1,3160,75.067
2471,1,1,2960,63.733
2472,1,2,2760,56.35
2473,1,0,2560,77.4
2474,1,2,2960,68.533
2475,1,1,3760,81.2
2476,1,0,2760,70.067
2477,1,1,2760,79.0
2478,1,0,3360,62.25
2479,1,2,2710,72.4
2480,1,2,3360,76.383
2481,1,0,2760,65.9
2482,1,2,2760,73.267
2483,1,2,3160,70.65
2484,1,2,3160,93.917
2485,1,1,2960,62.417
2486,1,0,2760,69.4
2487,0,3,3340,70.167
2488,1,2,3360,68.85
2489,1,1,2760,67.7
2490,1,1,3110,61.117
2491,1,1,3360,68.583
2492,1,1,2760,73.167
2493,1,1,2760,65.75
2494,1,2,2960,70.95
2495,1,2,2560,77.55
2496,1,1,2760,64.5
2497,1,1,2560,76.617
2498,1,1,2760,73.183
2499,1,1,2760,68.2
2500,0,3,3120,64.2
2501,1,1,2560,65.333
2502,1,2,2760,68.85
2503,1,2,2960,72.45
2504,1,1,3360,67.783
2505,1,0,2960,85.4
2506,1,2,3160,63.917
2507,1,2,2760,66.833
2508,1,1,3160,72.667
2509,1,0,3760,73.567
2510,1,2,3160,81.367
2511,1,1,3360,68.383
2512,0,3,2950,68.217
2513,1,1,2760,67.25
2514,1,2,2560,73.833
2515,0,3,2980,51.233
2516,1,2,2560,69.533
2517,1,1,2960,64.717
2518,0,3,2930,60.683
2519,1,2,3360,87.933
2520,1,2,2760,63.683
2521,1,1,2560,88.65
2522,1,2,2960,58.883
2523,1,1,3560,74.667
2524,1,2,3160,67.3
2525,1,2,2960,66.083
2526,1,1,3560,58.167
2527,1,0,3160,66.583
2528,1,1,2960,64.567
2529,1,1,2960,74.633
2530,0,3,2650,61.65
2531,0,3,2900,81.75
2532,1,1,3360,68.583
2533,1,0,3360,60.067
2534,1,0,3160,64.9
2535,1,0,3160,63.583
2536,1,1,2560,82.85
2537,1,1,2560,63.667
2538,1,0,2760,63.733
2539,1,2,2760,63.7
2540,1,1,2560,57.467
2541,1,1,2960,71.35
2542,0,3,2330,49.967
2543,1,1,3160,67.167
2544,1,0,2760,61.067
2545,1,0,3360,69.733
2546,1,0,2760,67.733
2547,1,0,3160,69.917
2548,1,0,3360,60.067
2549,1,1,3360,76.983
2550,1,2,3160,77.717
2551,1,2,2760,76.0
2552,1,0,2960,58.733
2553,1,1,3160,76.183
2554,1,2,2960,87.4
2555,1,1,2960,67.35
2556,0,3,2510,52.883
2557,1,2,2760,73.05
2558,1,1,3360,66.333
2559,1,1,2760,62.8
2560,1,1,2760,63.167
2561,1,1,3160,71.233
2562,1,2,2960,72.833
2563,1,2,2560,81.017
2564,0,3,2360,60.917
2565,1,0,3160,65.75
2566,1,1,3560,70.567
2567,1,1,3160,61.233
2568,1,2,2760,80.65
2569,1,1,2760,64.117
2570,1,2,2760,66.333
2571,1,1,2760,60.7
2572,1,1,3160,86.683
2573,1,1,2960,61.567
2574,1,2,2760,77.183
2575,1,1,3360,64.533
2576,1,2,2560,69.85
2577,1,1,3160,78.55
2578,0,3,2240,55.067
2579,1,1,3560,82.133
2580,1,0,2760,73.067
2581,1,1,2560,57.567
2582,1,1,3110,72.533
2583,1,1,3160,60.983
2584,1,1,2560,76.5
2585,1,0,2960,75.917
2586,1,1,3360,70.733
2587,1,0,3160,73.917
2588,0,3,2720,60.55
2589,1,2,2960,67.0
2590,1,1,3160,69.167
2591,1,2,2760,64.933
2592,1,2,2760,68.15
2593,1,1,3360,63.833
2594,1,0,3160,66.75
2595,1,1,2760,75.567
2596,1,2,3160,76.683
2597,0,3,2410,58.15
2598,1,1,2960,67.7
2599,1,0,3160,64.233
2600,1,1,2760,72.617
2601,1,2,3160,69.167
2602,1,1,2560,63.467
2603,1,2,3360,73.233
2604,1,1,3360,62.617
2605,1,1,3160,73.533
2606,1,2,2960,67.683
2607,1,0,2760,68.733
2608,1,1,3360,72.333
2609,1,2,3160,86.183
2610,1,1,2560,78.483
2611,1,2,2560,60.683
2612,1,1,3160,69.417
2613,1,2,2960,73.85
2614,1,2,2760,78.0
2615,1,1,3360,65.983
2616,0,3,2570,66.417
2617,1,2,2960,70.5
2618,1,2,2960,79.517
2619,1,1,2960,56.733
2620,1,2,2760,73.067
2621,1,2,2560,69.867
2622,1,0,2960,64.4
2623,1,2,2960,68.683
2624,0,3,2190,55.1
2625,1,1,2560,61.8
2626,1,2,2960,67.233
2627,1,0,2960,65.583
2628,1,2,2960,76.517
2629,1,2,2960,67.533
2630,0,3,3140,74.35
2631,1,1,2960,57.35
2632,1,1,2760,64.883
2633,1,1,3160,69.583
2634,0,3,2610,71.35
2635,1,1,3160,79.533
2636,1,1,3160,66.667
2637,1,1,3560,73.05
2638,1,2,2960,69.867
2639,1,1,2760,74.167
2640,1,0,3360,68.917
2641,0,3,2270,68.5
2642,1,1,2960,64.0
2643,1,2,2960,60.967
2644,1,1,3360,83.667
2645,1,1,3360,66.833
2646,1,0,2760,76.083
2647,1,0,3160,73.25
2648,1,2,2960,68.883
2649,1,2,3360,69.183
2650,1,0,3160,64.067
2651,1,1,3360,80.85
2652,1,2,2960,79.033
2653,1,2,2960,82.417
2654,1,2,2760,70.667
2655,1,1,3160,72.4
2656,0,3,2850,65.617
2657,1,1,2960,62.733
2658,1,1,3160,63.267
2659,0,3,2810,70.967
2660,1,2,3160,69.15
2661,1,2,2760,79.3
2662,1,1,3160,65.15
2663,1,1,2760,81.767
2664,1,1,2760,71.667
2665,0,3,2590,67.183
2666,1,2,2760,64.967
2667,1,1,3160,58.867
2668,1,2,2760,61.85
2669,1,2,2760,72.133
2670,1,2,2960,65.683
2671,1,0,3560,66.9
2672,1,1,3160,73.367
2673,1,0,2960,61.067
2674,1,1,2760,71.933
2675,1,1,2560,67.867
2676,1,0,2960,78.9
2677,1,2,3160,62.083
2678,1,1,2960,66.367
2679,1,1,3560,77.233
2680,0,3,2940,66.917
2681,1,0,3360,76.4
2682,1,2,2710,83.217
2683,1,2,2760,81.483
2684,1,2,3160,72.383
2685,1,1,2760,66.45
2686,1,2,3360,61.917
2687,1,2,3160,58.583
2688,1,1,2560,69.2
2689,0,3,2380,60.467
2690,1,2,2910,72.433
2691,1,2,2960,67.8
2692,1,1,2960,84.517
2693,0,3,2950,99.4
2694,1,0,2960,71.067
2695,1,0,3160,65.067
2696,1,1,2960,70.717
2697,0,3,3070,63.917
2698,1,1,3160,73.717
2699,1,2,2760,76.433
2700,1,2,2560,70.5
2701,1,0,2960,61.733
2702,1,2,3160,92.8
2703,1,1,3560,71.567
2704,1,1,2960,74.883
2705,1,2,2960,69.75
2706,1,1,2560,56.433
2707,1,1,3160,69.95
2708,1,1,2760,68.5
2709,1,1,2760,71.117
2710,1,1,2960,62.5
2711,1,1,2760,73.167
2712,1,0,2960,69.9
2713,0,3,2750,61.633
2714,0,3,2400,72.833
2715,1,0,2760,59.067
2716,0,3,2600,68.95
2717,1,2,2960,74.917
2718,1,0,3310,62.067
2719,1,1,2560,66.3
2720,1,2,3560,68.4
2721,0,3,2390,53.05
2722,1,1,3360,64.417
2723,1,1,2760,69.9
2724,1,0,3960,75.917
2725,1,1,2960,75.067
2726,1,1,2760,71.483
2727,1,0,3360,74.583
2728,0,3,3130,69.283
2729,1,0,3160,65.25
2730,1,2,2960,74.05
2731,1,1,3160,64.067
2732,1,1,2760,61.917
2733,1,0,2960,65.567
2734,1,1,3360,73.95
2735,1,1,3560,69.05
2736,1,1,2960,73.5
2737,0,3,3490,71.833
2738,1,1,2960,61.233
2739,0,3,2900,82.867
2740,1,0,2760,66.917
2741,1,1,3160,69.383
2742,1,1,2960,67.667
2743,1,0,2960,64.233
2744,1,1,2960,65.067
2745,1,1,3160,66.5
2746,1,1,2760,57.15
2747,1,1,2960,59.233
2748,1,1,3160,62.4
2749,1,2,3560,72.85
2750,1,1,3160,67.6
2751,1,2,3160,63.45
2752,1,1,3360,75.2
2753,1,1,2760,69.35
2754,1,1,3160,60.95
2755,1,1,3360,71.15
2756,1,0,2960,64.4
2757,1,0,2960,65.9
2758,1,2,3360,75.133
2759,1,2,2960,63.933
2760,1,0,3160,71.567
2761,1,2,2760,81.95
2762,1,2,2960,70.15
2763,1,1,3360,62.55
2764,1,1,2560,75.817
2765,1,0,3160,64.733
2766,1,1,2960,71.7
2767,1,1,3160,69.833
2768,0,3,2580,69.167
2769,1,2,2960,71.35
2770,1,1,3760,71.9
2771,1,1,3360,66.533
2772,1,1,2760,71.033
2773,1,0,2760,64.067
2774,0,3,2890,69.167
2775,1,2,2960,65.483
2776,1,0,3160,64.583
2777,1,1,2960,66.9
2778,1,0,3160,59.567
2779,1,1,2560,65.367
2780,1,2,2960,62.95
2781,1,2,3160,75.35
2782,1,2,3560,78.467
2783,1,1,3560,64.65
2784,1,1,2960,59.35
2785,1,2,3160,77.85
2786,1,2,2960,64.367
2787,1,0,3760,68.233
2788,1,0,3760,60.733
2789,1,1,2560,72.033
2790,1,1,2960,77.217
2791,1,0,3360,77.733
2792,1,0,3360,62.4
2793,1,1,3760,65.667
2794,1,1,3160,60.95
2795,1,2,2760,70.85
2796,1,1,2960,67.783
2797,1,2,2960,57.95
2798,1,2,2560,82.517
2799,1,0,3560,65.067
2800,1,1,3760,70.467
2801,1,1,3160,67.733
2802,1,1,2760,70.633
2803,1,1,2960,68.517
2804,1,1,2960,68.3
2805,1,1,2960,83.65
2806,1,2,2960,71.067
2807,1,1,2960,67.917
2808,0,3,3330,76.317
2809,1,1,2960,74.75
2810,1,2,2960,77.633
2811,1,1,2760,70.667
2812,1,1,2760,67.167
2813,1,0,2760,74.733
2814,0,3,2750,82.45
2815,1,2,3160,71.983
2816,1,1,3160,66.65
2817,1,2,2760,69.883
2818,1,1,2960,60.033
2819,1,2,2960,70.6
2820,1,2,2760,73.367
2821,1,2,3760,72.3
2822,1,2,2910,68.717
2823,1,1,2760,69.217
2824,1,2,2960,59.567
2825,1,1,3160,74.333
2826,1,2,2960,74.433
2827,1,2,2960,71.683
2828,1,2,2760,77.55
2829,1,1,2760,79.217
2830,1,2,2760,77.5
2831,1,1,2960,67.75
2832,0,3,2520,65.133
2833,1,2,3160,67.45
2834,1,2,2960,69.317
2835,1,1,2760,75.9
2836,1,2,3560,76.167
2837,1,2,2760,68.383
2838,1,1,2760,72.817
2839,1,1,2960,60.95
2840,0,3,2450,53.5
2841,1,1,3360,64.35
2842,1,2,3360,65.683
2843,1,1,2760,69.567
2844,0,3,2510,58.35
2845,1,1,3160,70.667
2846,1,0,3160,72.583
2847,1,2,2560,76.383
2848,1,1,2960,67.05
2849,1,0,3160,72.083
2850,1,0,2960,61.4
2851,1,2,2760,69.517
2852,0,3,2640,60.383
2853,1,2,2960,80.683
2854,1,1,3360,84.683
2855,1,1,3360,74.033
2856,1,2,2960,71.667
2857,1,2,2960,60.767
2858,1,0,3360,64.9
2859,1,2,3560,68.533
2860,1,1,2760,65.733
2861,1,1,2760,72.717
2862,1,1,2560,60.067
2863,0,3,2740,66.217
2864,1,0,2760,61.917
2865,1,1,2760,57.167
2866,0,3,2740,66.4
2867,1,1,2760,66.967
2868,1,1,2760,74.833
2869,1,0,3360,61.75
2870,1,0,2960,76.067
2871,1,2,2960,67.683
2872,1,2,2960,81.15
2873,1,2,3360,81.517
2874,1,1,3360,73.217
2875,1,2,3560,70.4
2876,1,0,2560,62.4
2877,1,2,2510,69.8
2878,1,0,2760,71.567
2879,1,1,2560,62.367
2880,1,0,2760,60.25
2881,1,1,3160,70.517
2882,1,1,2760,71.567
2883,1,1,2760,59.5
2884,1,2,3160,74.0
2885,1,1,3560,66.9
2886,1,1,3360,76.267
2887,1,1,2960,59.0
2888,1,2,3360,73.767
2889,1,2,2560,66.2
2890,0,3,2110,47.5
2891,1,2,3160,75.383
2892,1,1,3160,79.683
2893,1,1,3960,61.833
2894,1,0,2760,58.567
2895,1,0,2560,66.567
2896,1,1,2760,64.9
2897,1,1,2960,71.1
2898,1,1,2960,64.617
2899,1,0,3760,64.4
2900,1,2,2960,72.833
2901,1,1,2960,84.883
2902,1,0,2960,58.4
2903,1,1,2760,67.833
2904,1,2,2960,58.417
2905,1,0,2960,69.733
2906,1,2,2960,72.683
2907,1,1,3360,73.733
2908,1,2,2560,60.517
2909,1,1,3560,72.167
2910,1,1,3160,70.2
2911,1,1,2760,75.233
2912,1,1,2960,57.767
2913,1,2,2560,66.85
2914,1,1,2760,64.883
2915,1,1,2560,62.05
2916,1,1,2760,68.033
2917,1,2,2960,77.983
2918,1,1,2760,67.667
2919,0,3,2870,69.933
2920,1,1,2560,60.05
2921,1,1,2760,65.85
2922,1,2,2760,67.283
2923,1,2,2960,65.483
2924,1,0,3360,67.4
2925,1,0,2760,63.4
2926,1,2,2560,61.817
2927,1,1,3560,68.7
2928,1,0,3310,66.567
2929,1,1,3160,69.717
2930,1,2,3360,79.317
2931,1,1,2960,67.783
2932,0,3,2870,57.633
2933,1,2,3160,79.633
2934,1,1,3160,64.267
2935,1,2,2710,81.533
2936,0,3,2710,62.233
2937,1,1,3560,64.3
2938,1,2,2960,62.133
2939,1,0,2960,63.233
2940,1,0,2960,73.067
2941,1,2,3360,87.483
2942,1,0,2960,68.9
2943,1,2,2760,71.967
2944,1,1,2960,67.733
2945,1,1,2960,69.267
2946,1,1,2560,58.033
2947,1,1,2960,69.867
2948,1,1,3960,68.1
2949,1,1,2960,67.183
2950,1,0,2760,59.4
2951,1,0,2560,57.4
2952,1,1,3360,78.05
2953,1,0,2960,64.733
2954,1,0,2560,66.4
2955,1,2,2960,62.9
2956,1,1,2960,54.05
2957,1,1,2560,69.517
2958,0,3,2740,67.05
2959,1,1,3360,84.7
2960,1,0,3160,66.567
2961,1,0,3560,72.567
2962,1,2,2760,62.917
2963,1,1,2960,66.083
2964,0,3,2900,66.217
2965,0,3,2790,61.3
2966,1,1,3360,72.867
2967,0,3,2920,78.717
2968,1,2,2960,74.133
2969,1,2,2760,65.5
2970,1,1,2960,62.233
2971,1,1,2760,63.867
2972,1,0,3760,63.733
2973,0,3,2670,58.383
2974,1,2,2960,85.083
2975,1,1,3160,72.45
2976,1,1,2760,58.6
2977,1,0,3160,72.567
2978,0,3,2660,63.183
2979,1,1,2960,63.7
2980,0,3,2720,70.667
2981,1,2,3560,64.45
2982,1,2,3160,71.483
2983,1,0,3360,66.233
2984,1,2,2960,70.033
2985,1,0,2760,68.083
2986,1,1,2560,67.3
2987,1,0,2960,59.4
2988,0,3,2680,63.717
2989,1,2,3360,75.5
2990,1,2,2960,63.2
2991,0,3,3150,71.433
2992,1,2,2760,64.617
2993,1,0,2960,72.083
2994,1,0,3960,62.067
2995,1,2,2760,79.833
2996,1,2,2560,70.383
2997,1,2,2560,76.917
2998,1,2,2560,65.85
2999,1,2,2960,64.15
3000,1,1,2560,63.85
3001,1,1,3360,69.05
3002,1,2,2960,58.567
3003,1,2,3160,62.017
3004,1,1,2960,66.833
3005,1,0,2560,59.917
3006,1,2,2960,78.883
3007,1,2,3160,69.45
3008,0,3,2310,50.733
3009,1,1,3360,67.333
3010,1,1,2760,55.717
3011,1,2,2960,71.633
3012,1,2,3160,77.083
3013,1,0,2960,59.733
3014,1,2,3160,79.05
3015,1,1,3360,64.183
3016,1,2,2960,72.683
3017,1,2,2960,71.6
3018,1,2,2960,71.1
3019,1,0,2760,61.917
3020,1,2,2760,68.733
3021,1,1,2960,63.6
3022,1,1,3360,73.733
3023,1,0,3360,62.583
3024,1,1,3160,58.117
3025,1,2,2960,76.833
3026,0,3,2910,70.133
3027,1,2,2960,75.983
3028,1,1,3360,73.633
3029,1,1,2960,68.217
3030,1,2,2560,63.483
3031,1,1,2760,61.1
3032,1,0,3160,57.4
3033,1,1,2760,68.333
3034,1,0,3160,71.417
3035,1,1,2960,61.167
3036,1,2,2760,67.683
3037,1,1,2760,66.833
3038,1,2,3360,89.15
3039,1,1,3560,68.9
3040,1,1,3160,70.117
3041,1,2,2960,81.317
3042,1,2,2960,77.217
3043,1,2,2960,67.95
3044,1,2,2760,73.65
3045,1,2,3560,65.55
3046,0,3,2310,63.0
3047,1,1,2960,56.717
3048,0,3,2590,60.0
3049,1,1,2760,75.333
3050,1,0,2960,68.067
3051,1,1,2960,63.4
3052,1,1,2560,57.833
3053,1,2,3360,78.033
3054,1,1,2560,60.917
3055,1,2,2960,83.167
3056,1,1,2560,59.05
3057,1,0,3160,69.083
3058,1,1,2760,55.933
3059,1,1,2760,61.967
3060,1,2,2760,57.017
3061,1,1,3160,67.117
3062,1,1,2760,70.917
3063,1,2,2760,74.2
3064,0,3,2950,71.517
3065,1,2,2960,61.533
3066,1,2,2960,68.933
3067,1,0,3760,69.067
3068,1,1,2760,64.0
3069,1,1,3560,75.717
3070,1,2,2960,75.65
3071,1,1,2560,56.333
3072,0,3,2940,60.217
3073,1,1,3160,72.55
3074,1,1,2760,62.117
3075,1,1,2760,61.8
3076,1,1,2760,62.167
3077,1,0,2760,68.9
3078,1,1,2560,66.8
3079,1,2,2560,74.95
3080,1,3,2560,63.85
3081,1,1,3360,66.4
3082,1,1,2960,62.333
3083,1,0,3760,59.4
3084,1,1,2960,69.3
3085,1,2,2960,67.767
3086,1,1,2760,63.883
3087,1,0,3560,66.25
3088,1,1,2560,60.35
3089,1,1,3360,69.967
3090,1,2,2960,67.517
3091,0,3,2320,51.75
3092,1,2,2960,68.0
3093,0,3,2690,67.883
3094,1,1,2760,72.183
3095,1,0,2560,63.4
3096,1,1,2560,65.0
3097,1,1,2560,70.5
3098,0,3,2740,64.333
3099,1,1,2760,64.95
3100,1,0,2960,68.917
3101,1,2,3160,71.533
3102,1,1,2760,65.483
3103,1,1,2960,60.183
3104,1,1,2960,64.883
3105,1,1,2960,60.45
3106,1,1,3160,64.767
3107,0,3,2680,68.067
3108,1,1,2760,64.867
3109,1,2,2760,73.65
3110,0,3,3090,57.9
3111,1,1,2710,79.15
3112,1,1,2960,67.017
3113,1,1,2560,65.717
3114,1,1,3160,65.867
3115,0,3,2350,61.933
3116,0,3,2390,48.55
3117,1,0,2960,74.75
3118,1,1,2760,78.067
3119,1,2,2960,80.85
3120,1,2,2960,68.567
3121,1,2,2960,68.083
3122,1,1,2960,64.8
3123,1,0,3360,69.583
3124,1,1,2960,69.45
3125,1,0,2960,59.233
3126,1,1,2760,77.0
3127,0,3,3280,69.15
3128,1,1,3560,67.233
3129,1,2,3160,66.883
3130,1,1,2960,71.133
3131,1,1,3360,63.517
3132,1,1,2760,61.383
3133,1,1,2960,72.133
3134,1,0,3360,82.25
3135,1,1,2960,63.367
3136,1,1,3360,75.983
3137,1,2,2760,71.417
3138,0,3,2820,55.4
3139,1,1,3160,71.1
3140,0,3,2720,72.9
3141,1,1,2960,76.017
3142,1,2,3160,73.75
3143,1,2,2560,73.917
3144,1,1,2960,60.633
3145,1,1,2560,62.667
3146,1,1,2760,69.567
3147,1,0,2960,63.4
3148,1,1,2560,62.8
3149,0,3,2650,65.683
3150,1,2,2760,64.783
3151,1,2,2760,69.733
3152,1,1,3160,59.15
3153,1,1,2960,78.217
3154,1,1,2760,72.783
3155,1,0,2960,76.233
3156,0,3,2630,61.017
3157,1,1,3360,64.4
3158,1,2,2960,77.1
3159,1,2,2960,72.433
3160,1,1,3360,59.333
3161,0,3,3310,62.3
3162,1,1,3960,69.383
3163,1,2,2960,57.017
3164,1,2,3160,76.35
3165,1,1,2960,54.067
3166,1,0,3560,64.067
3167,1,2,3560,80.85
3168,1,1,3760,66.75
3169,1,1,3360,62.717
3170,1,2,2960,69.667
3171,1,1,3560,70.817
3172,1,2,2560,64.2
3173,1,2,2960,69.2
3174,1,2,2760,66.683
3175,1,0,2560,62.4
3176,0,3,2380,58.233
3177,1,1,3160,55.933
3178,1,2,2960,67.983
3179,1,2,3360,83.233
3180,1,2,3110,74.017
3181,1,1,2560,74.55
3182,1,1,2960,59.5
3183,1,2,2960,69.417
3184,1,0,3360,74.567
3185,1,1,2960,63.167
3186,1,1,3360,61.867
3187,1,1,3360,68.583
3188,1,1,3360,71.0
3189,1,1,2960,61.183
3190,1,1,2960,69.317
3191,1,2,2760,71.933
3192,1,0,2760,59.4
3193,1,1,2960,71.25
3194,1,1,2760,71.7
3195,1,1,2960,77.933
3196,1,2,2960,68.483
3197,1,1,3360,65.517
3198,1,1,2960,64.383
3199,1,0,3160,55.567
3200,0,3,2940,65.067
3201,1,2,3560,69.3
3202,1,2,2960,80.017
3203,1,2,2760,67.533
3204,1,0,2960,59.583
3205,1,2,2560,76.45
3206,1,2,2760,65.067
3207,1,2,3160,70.917
3208,1,1,2760,66.667
3209,1,0,3160,64.233
3210,1,0,3360,62.4
3211,1,1,3160,73.367
3212,1,0,3160,67.9
3213,1,1,2560,68.55
3214,1,1,2960,63.5
3215,1,0,3360,63.733
3216,1,0,3160,68.9
3217,1,0,2960,61.733
3218,1,2,2760,74.967
3219,1,1,3560,63.1
3220,1,2,2760,60.433
3221,1,1,3160,66.0
3222,0,3,2510,69.85
3223,1,1,2760,69.733
3224,1,1,3560,75.467
3225,1,0,3560,73.25
3226,1,1,2760,65.667
3227,1,2,2710,66.333
3228,1,0,3160,76.083
3229,1,0,2760,66.75
3230,1,1,2960,69.7
3231,1,1,2960,59.333
3232,1,0,3560,67.567
3233,1,2,3160,73.6
3234,1,1,2760,70.883
3235,1,2,2560,73.633
3236,1,1,2910,62.533
3237,0,3,2830,70.0
3238,1,0,2960,71.067
3239,1,1,2760,60.217
3240,1,1,2760,60.45
3241,1,1,2560,76.467
3242,1,2,3160,79.183
3243,1,2,2960,84.867
3244,1,2,2960,63.367
3245,0,3,3090,65.85
3246,1,2,3160,77.15
3247,1,0,2760,72.583
3248,1,0,2760,72.067
3249,1,0,2760,69.25
3250,1,1,3160,85.483
3251,1,2,2960,87.883
3252,1,1,3360,72.833
3253,0,3,2990,62.133
3254,1,0,3160,59.067
3255,1,1,3160,75.633
3256,1,2,3360,67.7
3257,1,0,3560,66.4
3258,1,2,2760,64.35
3259,1,0,2760,63.4
3260,1,0,3560,69.917
3261,1,0,3160,72.733
3262,1,0,2760,61.4
3263,1,1,3160,64.633
3264,0,3,2440,64.4
3265,1,1,2560,59.9
3266,0,3,3140,67.167
3267,1,2,2960,70.883
3268,0,3,2520,57.2
3269,1,1,2760,57.5
3270,1,1,3360,67.583
3271,1,1,2960,71.583
3272,1,1,3160,68.2
3273,1,2,3160,65.7
3274,1,2,2760,65.567
3275,1,0,2960,65.9
3276,1,1,2760,82.567
3277,1,1,2560,80.15
3278,1,2,2760,72.533
3279,1,0,2960,66.733
3280,0,3,2480,62.35
3281,1,2,2760,74.383
3282,1,1,2960,61.083
3283,1,0,2960,73.733
3284,1,2,2960,64.9
3285,1,2,3160,67.883
3286,1,1,3360,64.533
3287,1,0,2760,64.4
3288,1,2,2960,68.3
3289,1,2,3160,69.15
3290,1,2,2760,73.2
3291,1,1,3360,64.533
3292,1,2,2760,68.683
3293,1,1,2760,61.383
3294,0,3,2400,56.567
3295,1,2,3160,62.933
3296,1,1,3160,66.067
3297,1,1,2960,71.05
3298,1,1,3360,76.567
3299,1,2,2960,68.65
3300,1,2,3360,65.567
3301,1,2,2960,76.317
3302,1,0,2960,63.733
3303,1,2,3160,85.467
3304,1,2,3360,81.367
3305,1,1,3160,61.017
3306,1,2,2960,68.483
3307,1,1,3360,79.383
3308,1,1,3560,76.633
3309,1,0,2760,62.583
3310,1,2,2960,69.817
3311,0,3,2930,59.233
3312,1,1,3360,65.283
3313,1,1,2960,65.75
3314,1,2,3160,68.183
3315,1,2,3360,71.783
3316,1,2,2960,75.267
3317,1,2,3160,66.9
3318,1,1,2960,67.567
3319,1,0,2960,66.4
3320,0,3,2490,66.55
3321,1,1,3360,72.2
3322,0,3,2570,47.367
3323,1,1,2560,63.7
3324,1,1,3160,64.183
3325,1,2,2760,79.35
3326,0,3,2700,69.783
3327,0,3,2750,68.1
3328,1,2,2760,66.067
3329,1,0,2760,60.583
3330,1,0,3160,68.4
3331,1,2,3360,64.817
3332,1,2,2960,63.667
3333,1,1,3160,72.483
3334,0,3,2690,71.167
3335,1,2,2760,73.633
3336,1,2,2760,63.4
3337,1,1,2560,67.733
3338,1,1,3160,66.85
3339,1,1,2960,63.05
3340,1,2,2760,73.783
3341,1,1,2760,55.6
3342,1,0,2560,57.583
3343,1,2,2560,75.117
3344,1,1,3160,62.5
3345,1,2,3160,71.033
3346,1,1,2960,80.517
3347,1,0,3360,72.4
3348,1,2,3560,69.1
3349,1,1,2960,66.05
3350,0,3,2480,57.667
3351,1,1,2760,68.5
3352,1,1,2760,59.2
3353,1,2,2960,74.1
3354,1,1,3560,65.833
3355,1,1,3160,59.15
3356,1,2,2960,67.367
3357,1,0,2960,69.733
3358,1,1,2960,83.183
3359,1,1,3360,64.083
3360,1,2,3160,65.8
3361,0,3,2720,62.683
3362,1,0,3360,67.917
3363,1,1,3560,64.833
3364,1,0,2510,65.567
3365,1,1,2760,63.1
3366,1,2,2760,75.383
3367,1,2,3160,67.517
3368,1,1,2960,68.55
3369,1,0,3160,69.4
3370,1,2,2760,67.317
3371,0,3,2580,63.2
3372,1,0,2760,60.4
3373,1,0,3560,76.4
3374,1,1,2960,74.317
3375,1,2,3360,73.967
3376,0,3,2820,60.317
3377,1,2,2960,71.467
3378,1,1,3160,66.333
3379,0,3,2510,71.75
3380,1,1,2960,64.883
3381,1,1,2960,63.7
3382,1,2,3160,67.1
3383,1,1,2960,73.083
3384,1,1,3160,64.7
3385,0,3,2820,58.35
3386,1,0,2960,57.4
3387,1,1,2760,71.833
3388,1,1,3160,69.733
3389,1,1,2760,71.367
3390,1,2,2760,74.7
3391,1,0,2960,78.25
3392,1,0,2960,75.9
3393,1,0,2560,55.067
3394,1,2,2760,69.183
3395,1,1,3160,64.883
3396,1,1,2960,66.017
3397,1,1,3160,69.667
3398,0,3,2660,59.883
3399,1,1,2960,66.867
3400,1,2,2510,70.7
3401,1,1,2760,57.867
3402,1,0,3560,62.917
3403,1,1,2960,73.8
3404,1,2,2760,74.267
3405,1,1,2760,75.9
3406,1,1,2960,57.367
3407,1,1,2960,64.533
3408,1,0,3560,74.567
3409,1,2,2960,64.383
3410,1,0,2960,67.583
3411,1,2,2560,69.75
3412,0,3,2820,69.183
3413,1,1,3560,83.75
3414,1,1,2760,63.617
3415,1,1,2760,78.3
3416,1,2,2960,77.133
3417,1,0,3160,67.733
3418,1,0,3160,80.9
3419,1,1,2560,62.383
3420,1,0,3360,65.4
3421,1,1,2960,65.783
3422,1,2,2760,65.383
3423,0,3,2420,54.717
3424,1,1,3560,74.017
3425,1,1,2960,72.383
3426,1,2,2760,69.667
3427,1,2,2960,71.6
3428,1,2,3160,77.583
3429,1,0,3160,63.75
3430,1,1,2760,71.283
3431,1,1,2960,59.833
3432,1,1,2760,64.2
3433,1,2,3160,67.717
3434,1,1,3160,79.183
3435,0,3,2580,51.733
3436,1,2,2760,65.45
3437,1,2,2960,74.9
3438,1,1,3160,65.283
3439,1,2,2960,66.95
3440,1,0,3160,61.583
3441,1,1,3360,73.717
3442,1,0,2760,67.567
3443,0,3,2890,69.217
3444,1,0,2960,69.583
3445,1,1,2560,56.5
3446,1,2,3360,81.983
3447,1,2,2960,77.75
3448,0,3,2470,56.833
3449,1,1,2960,83.583
3450,1,0,2760,73.067
3451,1,0,2760,66.583
3452,1,2,2760,68.883
3453,1,1,3360,68.95
3454,1,2,2960,68.4
3455,1,0,2960,56.583
3456,1,2,3160,65.333
3457,1,1,2560,63.5
3458,1,1,2760,66.017
3459,1,1,2760,69.7
3460,1,1,2960,81.167
3461,1,0,3160,60.767
3462,1,0,2960,69.4
3463,1,1,2960,66.217
3464,1,1,2760,69.333
3465,1,2,2960,72.1
3466,1,0,2560,61.567
3467,1,1,2760,64.483
3468,1,2,2760,66.6
3469,0,3,2460,50.45
3470,0,3,2690,65.467
3471,1,1,2960,65.433
3472,0,3,3210,66.25
3473,1,1,2760,72.033
3474,0,3,2310,69.617
3475,1,1,2760,66.517
3476,1,2,2760,65.6
3477,1,1,2760,60.017
3478,0,3,2850,56.5
3479,1,1,3160,67.583
3480,1,1,2960,64.967
3481,1,0,2960,68.25
3482,1,2,2760,73.833
3483,1,1,2560,64.05
3484,1,1,2960,71.15
3485,1,3,2960,68.383
3486,1,2,2760,77.183
3487,1,2,2560,74.033
3488,1,1,2960,65.867
3489,1,1,2760,62.967
3490,1,2,2960,69.983
3491,1,2,2760,75.55
3492,0,3,3110,63.917
3493,0,3,2630,58.383
3494,1,1,2560,61.067
3495,1,0,2760,62.733
3496,1,2,3160,70.133
3497,1,1,2760,55.45
3498,1,1,2760,69.833
3499,1,1,2960,65.783
3500,1,1,3560,67.7
3501,1,2,2760,66.933
3502,1,0,2960,60.583
3503,0,3,3100,79.317
3504,0,3,2570,59.3
3505,1,1,2960,61.383
3506,1,1,3360,66.067
3507,1,2,2710,64.8
3508,1,1,3560,68.083
3509,1,1,2960,77.65
3510,1,2,2960,68.483
3511,1,1,3360,64.283
3512,1,0,3160,69.4
3513,1,2,3160,81.183
3514,0,3,2100,44.333
3515,1,0,3160,67.733
3516,1,1,3360,78.35
3517,1,2,2960,81.033
3518,1,1,3160,66.0
3519,1,2,3160,74.533
3520,1,0,3160,63.25
3521,0,3,3110,70.217
3522,1,0,2960,66.4
3523,1,1,2760,65.7
3524,1,1,2760,63.2
3525,1,1,3160,74.65
3526,1,1,3160,68.267
3527,1,1,3560,63.95
3528,1,2,3560,73.8
3529,1,1,3760,70.667
3530,1,2,2960,75.933
3531,1,2,2760,66.183
3532,1,1,2760,64.567
3533,1,0,2960,67.25
3534,1,1,2760,72.017
3535,1,2,2760,64.583
3536,1,2,3160,61.95
3537,1,0,3160,56.233
3538,1,1,3160,65.333
3539,1,1,2760,67.733
3540,0,3,3340,68.9
3541,1,2,2760,65.933
3542,1,1,2960,57.65
3543,1,2,3560,82.95
3544,1,2,3360,61.933
3545,1,2,3160,67.133
3546,1,2,2960,69.5
3547,1,2,2760,75.233
3548,1,0,2960,73.567
3549,1,1,2760,76.9
3550,1,2,3160,64.683
3551,1,2,2760,66.567
3552,1,0,2960,60.583
3553,1,1,2960,77.0
3554,1,2,3160,67.517
3555,0,3,2720,83.85
3556,1,1,2760,61.333
3557,1,1,3360,66.067
3558,1,1,2760,70.5
3559,1,0,3360,63.9
3560,1,2,2960,74.25
3561,1,2,2960,72.267
3562,1,1,3160,75.883
3563,0,3,2700,65.267
3564,1,1,3160,63.433
3565,1,2,2760,67.167
3566,1,1,2560,59.033
3567,1,2,2960,89.7
3568,1,1,3160,75.533
3569,1,2,2560,70.35
3570,1,1,2960,60.967
3571,1,1,3160,65.783
3572,1,2,2910,71.183
3573,1,1,2960,58.783
3574,1,0,2560,64.233
3575,1,1,3160,65.2
3576,1,0,2760,65.733
3577,1,2,2960,77.067
3578,1,1,2510,72.867
3579,0,3,2350,57.383
3580,1,1,2560,64.45
3581,1,1,2960,71.233
3582,1,2,2760,68.517
3583,1,1,3560,64.917
3584,1,1,2960,59.367
3585,1,2,2760,75.533
3586,1,1,2960,64.533
3587,1,1,3760,76.75
3588,1,1,3160,65.7
3589,1,2,2760,67.35
3590,1,0,2560,66.9
3591,1,2,3160,64.433
3592,1,2,3160,68.133
3593,1,2,3160,63.133
3594,1,0,2960,61.733
3595,1,2,2760,63.433
3596,1,2,2760,68.15
3597,0,3,3150,82.233
3598,1,0,2760,65.067
3599,1,2,3160,84.967
3600,1,1,3360,70.35
3601,1,2,2760,78.833
3602,1,2,3160,64.05
3603,1,0,2760,61.733
3604,1,0,3160,66.583
3605,1,2,3160,67.383
3606,1,1,2960,72.3
3607,1,1,2760,63.5
3608,1,1,2960,66.983
3609,1,2,3360,68.517
3610,1,2,2960,71.85
3611,1,1,2960,71.45
3612,1,1,2560,66.2
3613,1,2,2560,71.2
3614,1,0,3160,62.733
3615,1,1,2760,68.0
3616,1,1,3560,61.183
3617,1,2,2760,79.333
3618,1,1,2560,67.5
3619,0,3,3000,56.5
3620,1,2,2960,68.583
3621,1,2,2760,71.017
3622,0,3,3120,68.417
3623,1,1,2760,75.7
3624,1,2,2960,73.933
3625,1,0,3160,58.733
3626,1,1,2560,71.483
3627,1,2,2560,57.917
3628,0,3,2690,64.617
3629,1,1,2760,63.283
3630,1,1,3160,65.217
3631,1,1,2560,66.983
3632,1,2,3160,75.15
3633,1,1,3360,73.817
3634,1,0,2960,60.25
3635,1,1,2760,61.633
3636,1,1,2560,56.467
3637,1,0,3360,64.4
3638,1,0,3360,70.25
3639,1,1,3160,73.867
3640,1,1,2960,65.3
3641,1,0,2960,67.083
3642,1,2,2960,69.983
3643,1,1,3160,69.1
3644,1,2,2960,68.083
3645,1,1,2960,62.117
3646,1,2,2560,69.2
3647,1,2,2960,69.267
3648,1,1,3360,73.167
3649,1,2,2760,63.3
3650,1,0,3160,60.917
3651,1,0,2960,70.733
3652,1,2,2760,62.967
3653,1,0,2760,64.567
3654,0,3,2540,59.733
3655,1,1,3360,69.4
3656,1,2,2960,78.317
3657,1,2,3160,64.033
3658,1,1,2960,73.217
3659,1,2,2760,77.067
3660,1,1,3160,60.233
3661,1,2,2560,72.133
3662,1,2,3360,67.8
3663,1,1,2760,61.95
3664,1,1,2960,70.167
3665,0,3,2950,59.083
3666,1,2,2760,67.85
3667,0,3,2570,54.733
3668,1,1,2960,70.7
3669,1,1,3160,80.733
3670,1,2,2960,75.3
3671,1,1,2760,71.667
3672,1,0,3160,64.25
3673,1,1,3360,69.15
3674,1,2,2960,66.65
3675,1,1,2760,61.667
3676,1,2,2760,66.55
3677,1,0,2760,60.917
3678,1,2,2960,83.483
3679,1,2,2560,81.967
3680,1,1,2960,79.5
3681,1,0,2760,60.733
3682,0,3,2650,42.917
3683,1,1,2760,68.333
3684,1,1,2760,62.167
3685,1,2,2760,57.467
3686,1,1,3360,60.0
3687,1,1,2710,73.7
3688,1,1,2760,76.2
3689,0,3,2710,67.267
3690,1,1,3160,71.533
3691,1,1,2760,66.5
3692,1,0,2760,70.417
3693,1,2,2760,75.333
3694,1,1,3160,62.817
3695,1,2,2960,70.067
3696,1,1,2960,64.683
3697,1,1,3160,70.65
3698,1,2,2960,65.95
3699,1,1,2960,61.85
3700,1,1,3560,66.033
3701,1,1,2560,92.5
3702,1,1,3760,63.667
3703,1,2,3160,76.45
3704,0,3,2630,68.017
3705,1,0,2760,56.567
3706,1,2,2560,60.85
3707,1,2,2760,66.75
3708,1,2,2960,72.067
3709,1,1,2960,63.783
3710,0,3,2740,62.75
3711,1,2,2760,69.333
3712,1,2,2760,82.467
3713,1,1,2960,64.0
3714,1,2,2760,62.383
3715,1,1,3160,74.6
3716,1,0,2560,62.733
3717,1,0,2760,65.067
3718,0,3,2240,68.133
3719,1,1,2910,67.217
3720,1,1,3160,69.333
3721,1,0,3160,66.917
3722,1,1,2960,69.167
3723,1,0,3960,69.9
3724,1,0,2560,62.583
3725,1,2,2960,76.9
3726,1,2,2760,73.133
3727,1,0,3360,65.733
3728,1,2,2960,66.55
3729,1,2,2560,77.467
3730,1,1,2960,59.883
3731,1,2,2960,64.117
3732,0,3,2340,51.083
3733,0,3,2890,75.833
3734,1,2,2760,61.033
3735,1,1,3560,77.583
3736,1,2,2960,76.2
3737,0,3,2480,58.967
3738,1,1,2760,79.0
3739,1,0,3360,67.233
3740,1,1,3360,71.567
3741,1,1,2960,65.8
3742,1,2,2760,69.517
3743,0,3,2700,73.35
3744,1,0,3560,75.067
3745,0,3,2920,69.083
3746,1,2,3360,62.2
3747,1,0,2960,70.733
3748,1,1,2560,64.183
3749,1,1,3360,78.75
3750,1,1,3160,66.833
3751,1,1,2960,71.667
3752,1,2,2760,70.867
3753,0,3,2740,67.167
3754,0,3,1920,49.767
3755,1,1,3160,73.367
3756,1,2,2960,75.167
3757,1,1,2560,71.7
3758,1,0,3360,63.9
3759,1,1,2760,69.05
3760,1,1,3360,72.117
3761,1,0,3360,73.733
3762,1,1,2560,57.667
3763,1,1,3360,64.083
3764,1,2,2960,70.867
3765,1,0,2960,63.917
3766,1,2,2560,69.1
3767,1,0,3160,70.4
3768,1,0,2960,57.067
3769,1,0,2960,83.733
3770,1,0,3360,67.9
3771,1,1,2760,62.467
3772,1,0,2960,62.4
3773,1,2,2760,70.567
3774,1,2,2960,75.5
3775,1,2,3160,78.283
3776,1,2,2560,66.217
3777,1,2,2910,72.117
3778,1,1,3160,66.283
3779,1,2,2760,75.833
3780,1,2,3360,71.467
3781,1,0,2960,67.25
3782,1,0,2960,80.4
3783,1,2,2760,55.133
3784,1,2,3160,76.633
3785,1,1,2960,62.217
3786,0,3,2270,53.333
3787,1,2,3760,69.367
3788,1,1,3160,69.667
3789,1,2,2760,62.567
3790,1,0,2560,64.4
3791,1,2,2760,76.067
3792,0,3,3140,80.633
3793,1,2,2960,62.3
3794,1,1,2960,67.883
3795,1,1,2960,65.2
3796,1,2,2760,72.817
3797,1,1,2560,66.717
3798,1,1,3160,59.833
3799,1,2,2960,72.667
3800,1,1,3560,66.317
3801,1,0,3560,74.567
3802,0,3,2710,76.267
3803,1,1,2960,59.033
3804,1,1,2760,69.25
3805,1,2,3160,66.533
3806,0,3,2430,64.417
3807,1,2,3360,72.567
3808,1,1,2960,62.567
3809,0,3,2940,66.133
3810,1,1,2960,63.033
3811,1,0,2760,66.067
3812,1,1,2960,85.4
3813,1,2,2960,66.4
3814,1,1,2960,61.5
3815,1,2,2960,66.3
3816,1,2,3360,66.633
3817,1,2,3360,82.167
3818,1,0,2760,58.567
3819,1,1,2760,61.567
3820,1,0,2760,61.25
3821,1,1,2960,58.933
3822,1,2,2760,64.1
3823,1,2,2560,69.817
3824,0,3,2740,76.4
3825,1,1,2760,72.0
3826,1,0,2960,67.567
3827,0,3,2430,45.5
3828,0,3,2780,51.917
3829,1,1,3160,62.067
3830,1,1,2560,62.55
3831,1,2,2960,77.1
3832,1,1,2960,69.9
3833,1,1,2960,70.2
3834,1,2,3360,80.45
3835,0,3,2450,60.433
3836,1,0,2960,60.4
3837,1,1,2560,67.65
3838,1,1,3360,70.233
3839,1,0,3310,69.067
3840,1,0,2560,61.917
3841,1,1,3160,63.9
3842,1,1,3160,65.667
3843,1,2,2960,77.167
3844,1,1,2760,64.067
3845,0,3,2720,68.817
3846,0,3,2720,62.217
3847,1,1,3160,66.6
3848,1,1,2960,72.55
3849,1,0,3360,59.733
3850,1,1,2760,61.45
3851,1,1,2510,75.85
3852,1,1,3360,66.167
3853,1,0,3160,66.417
3854,1,1,3760,64.667
3855,1,1,2960,73.75
3856,1,1,2760,63.117
3857,1,1,2560,64.733
3858,1,2,2960,70.933
3859,1,1,2960,65.417
3860,1,1,3560,64.717
3861,1,2,2560,62.75
3862,1,1,3560,71.783
3863,1,2,3360,68.4
3864,1,0,2760,77.117
3865,1,2,3160,72.433
3866,1,2,2960,78.917
3867,1,1,3560,72.717
3868,1,1,2960,57.3
3869,1,0,2760,65.233
3870,1,1,3160,57.95
3871,1,1,2760,74.667
3872,1,1,2960,68.833
3873,1,2,3360,67.617
3874,1,2,3160,65.667
3875,1,1,3360,72.333
3876,1,2,2760,76.8
3877,1,1,2560,68.55
3878,1,0,2960,65.75
3879,1,2,2760,91.667
3880,1,0,2560,72.25
3881,1,2,2960,65.183
3882,1,1,3360,63.883
3883,0,3,2080,48.567
3884,1,2,2760,65.433
3885,1,1,2960,57.65
3886,1,2,2710,63.767
3887,1,1,2960,66.55
3888,1,1,2760,66.333
3889,1,2,2760,62.583
3890,1,1,2760,58.717
3891,1,1,2960,69.567
3892,1,1,2760,67.333
3893,1,1,3360,67.217
3894,0,3,3250,61.817
3895,0,3,2550,44.933
3896,1,1,2910,61.567
3897,1,1,4160,69.667
3898,1,2,2960,77.533
3899,1,2,2760,76.617
3900,1,2,2760,71.217
3901,1,1,2560,70.0
3902,1,2,2960,71.133
3903,1,1,2760,79.617
3904,1,2,2960,71.533
3905,1,1,2910,68.5
3906,1,2,2760,66.5
3907,1,1,3160,70.333
3908,1,1,2960,67.783
3909,1,1,2760,81.367
3910,1,1,2960,64.783
3911,1,1,3360,66.6
3912,1,1,2560,72.867
3913,1,1,3360,74.3
3914,1,2,2960,65.167
3915,1,1,3760,79.333
3916,1,0,2960,66.733
3917,0,3,3140,65.95
3918,1,2,2760,77.217
3919,1,0,3360,67.233
3920,1,0,3160,64.25
3921,1,2,2560,71.6
3922,1,2,2960,80.35
3923,1,1,2560,65.483
3924,1,1,2760,74.35
3925,1,1,2760,61.7
3926,0,3,2380,52.317
3927,1,2,2960,69.533
3928,0,3,3490,73.467
3929,1,1,3560,72.117
3930,1,2,2760,70.433
3931,1,2,2560,67.3
3932,1,1,3360,67.333
3933,1,2,3160,69.217
3934,1,1,2760,61.45
3935,1,2,3360,75.717
3936,1,0,2960,60.733
3937,1,2,2960,77.25
3938,1,2,2760,59.883
3939,1,1,2760,66.7
3940,1,1,3160,69.667
3941,1,2,2910,80.817
3942,1,1,2760,69.017
3943,1,1,3560,62.15
3944,1,1,3160,67.917
3945,1,0,3160,66.25
3946,1,0,2960,71.733
3947,1,0,2760,72.433
3948,1,2,2760,77.6
3949,1,2,2960,67.65
3950,1,0,3760,63.25
3951,1,0,2960,59.25
3952,1,2,2960,66.983
3953,1,0,3160,66.4
3954,1,0,3160,72.233
3955,0,3,2350,47.817
3956,1,1,2760,68.55
3957,1,2,2960,67.733
3958,1,2,2960,67.767
3959,1,2,3160,64.017
3960,1,1,2560,69.533
3961,1,1,3160,67.917
3962,1,2,2760,65.017
3963,1,1,3160,73.6
3964,1,1,2960,63.55
3965,1,1,3160,70.717
3966,1,1,2760,64.25
3967,1,1,3160,71.65
3968,1,1,3160,75.617
3969,1,1,2960,74.417
3970,1,2,2960,62.65
3971,1,2,2760,64.467
3972,0,3,3150,79.167
3973,1,2,2960,79.083
3974,1,1,3160,83.8
3975,1,2,2960,78.933
3976,1,2,2760,70.05
3977,1,0,2960,57.583
3978,1,0,3560,62.567
3979,1,2,2560,77.433
3980,1,1,2560,69.25
3981,1,1,3760,67.75
3982,1,0,2960,62.4
3983,1,1,2760,69.583
3984,1,2,2960,59.35
3985,1,0,2560,59.233
3986,1,1,2960,66.417
3987,0,3,2880,62.033
3988,1,2,2960,63.5
3989,1,2,2760,64.85
3990,0,3,2550,51.4
3991,0,3,2430,51.967
3992,1,2,3160,73.083
3993,1,1,3160,69.217
3994,1,2,2560,71.167
3995,1,0,2960,75.067
3996,1,2,2760,70.433
3997,1,0,2960,63.733
3998,1,1,2510,65.833
3999,1,1,3560,69.733
4000,1,2,3560,74.183
4001,1,1,2960,66.933
4002,1,2,3160,71.983
4003,1,2,2760,56.483
4004,1,2,2760,64.15
4005,1,2,2760,80.917
4006,1,1,2760,57.367
4007,0,3,2410,58.55
4008,1,2,2960,74.0
4009,1,1,3160,72.2
4010,0,3,2740,63.883
4011,1,2,3360,71.867
4012,1,1,2760,64.033
4013,1,2,3160,75.85
4014,1,0,3160,62.067
4015,1,0,2760,59.733
4016,1,0,3160,69.9
4017,1,0,3160,56.4
4018,1,2,3360,60.3
4019,1,1,2960,87.3
4020,1,0,2960,67.583
4021,1,1,2960,67.883
4022,1,1,2960,83.6
4023,1,2,2760,70.5
4024,1,1,2960,73.75
4025,1,0,2760,71.917
4026,0,3,2880,81.317
4027,1,1,2960,73.7
4028,1,1,2760,77.717
4029,0,3,2710,70.067
4030,0,3,2530,54.933
4031,0,3,2540,77.15
4032,1,0,2960,63.917
4033,1,0,2960,61.067
4034,1,1,2560,63.4
4035,1,2,2560,78.933
4036,1,0,2760,59.9
4037,1,2,2760,75.683
4038,1,1,2560,71.767
4039,0,3,3140,76.883
4040,1,1,3160,71.017
4041,0,3,2910,61.45
4042,1,1,2560,60.733
4043,1,2,2960,61.833
4044,1,0,3360,71.75
4045,1,2,2960,76.883
4046,1,0,2760,64.233
4047,1,2,3560,82.933
4048,1,1,2760,70.5
4049,1,1,2960,73.233
4050,1,1,2760,62.733
4051,1,0,3360,66.567
4052,1,0,2560,70.25
4053,1,1,2960,66.983
4054,1,1,2760,61.917
4055,1,2,2960,80.383
4056,1,1,2560,71.05
4057,1,1,2960,80.533
4058,1,2,2560,70.0
4059,1,0,2560,63.067
4060,1,0,3160,65.233
4061,1,1,2760,60.9
4062,1,2,2960,75.7
4063,1,1,3560,67.0
4064,1,2,3360,85.7
4065,0,3,2820,69.733
4066,1,2,2960,77.85
4067,1,2,2760,76.9
4068,1,2,2960,80.45
4069,1,2,2710,77.617
4070,1,0,2960,78.75
4071,1,0,2560,68.067
4072,1,0,3360,68.733
4073,1,2,2960,66.217
4074,1,2,3510,75.633
4075,1,2,2760,72.333
4076,1,0,2760,74.917
4077,1,2,2760,68.917
4078,1,1,2760,72.3
4079,1,2,2560,73.1
4080,0,3,2870,72.75
4081,0,3,3070,68.967
4082,1,2,2960,66.433
4083,1,1,3160,80.183
4084,1,1,2960,61.783
4085,1,2,2960,69.7
4086,1,2,2960,64.7
4087,0,3,2130,51.4
4088,1,0,3560,73.733
4089,1,2,2960,70.133
4090,1,0,3360,58.583
4091,1,2,2760,74.0
4092,1,0,2760,64.567
4093,1,2,2960,59.3
4094,1,1,3160,68.617
4095,1,2,3160,73.583
4096,1,2,2760,60.033
4097,1,0,2960,59.25
4098,0,3,2270,53.35
4099,1,1,3160,65.45
4100,1,1,2760,67.4
4101,1,1,3360,81.767
4102,1,2,3160,61.0
4103,1,2,2760,73.733
4104,1,2,3360,73.367
4105,0,3,2110,47.85
4106,1,1,2960,72.6
4107,1,1,2560,71.65
4108,1,2,2760,81.767
4109,1,2,2760,64.033
4110,0,3,3340,84.433
4111,1,1,3160,65.15
4112,1,1,2960,63.683
4113,0,3,2260,57.683
4114,1,2,3160,69.933
4115,1,2,3160,74.7
4116,1,2,3360,72.933
4117,1,2,3360,79.5
4118,1,0,3160,59.733
4119,1,2,2960,57.867
4120,1,1,2960,63.4
4121,1,2,2960,62.85
4122,1,0,2960,67.233
4123,1,1,2960,65.583
4124,1,0,2510,68.4
4125,1,0,2560,61.25
4126,1,1,2960,70.55
4127,1,1,2960,69.583
4128,1,0,3160,67.583
4129,1,1,2960,76.75
4130,1,1,2960,79.15
4131,1,0,3160,66.4
4132,1,2,2960,59.967
4133,1,2,2960,65.533
4134,1,0,3760,69.567
4135,1,2,2960,78.633
4136,1,0,3360,58.733
4137,1,1,2960,64.85
4138,1,1,2960,69.283
4139,1,1,3760,69.817
4140,1,1,2960,63.583
4141,1,2,2560,77.983
4142,1,1,2760,71.917
4143,1,1,3160,64.617
4144,0,3,2450,57.967
4145,1,1,3560,69.5
4146,1,1,3360,67.05
4147,1,0,3160,68.067
4148,1,1,3960,75.883
4149,1,1,3160,68.167
4150,1,2,2960,68.233
4151,0,3,3170,63.717
4152,1,2,2760,67.9
4153,1,1,2560,62.567
4154,1,1,3360,62.0
4155,1,2,2760,65.35
4156,1,1,3160,86.0
4157,1,2,2760,80.033
4158,1,1,3160,72.533
4159,0,3,2580,59.217
4160,1,2,2760,91.35
4161,0,3,2610,58.117
4162,1,2,3360,72.717
4163,1,1,3560,60.1
4164,1,2,2960,67.45
4165,1,1,2560,65.05
4166,1,2,2760,71.883
4167,1,1,2960,59.067
4168,1,2,2960,83.65
4169,1,2,2760,56.933
4170,1,1,2960,67.233
4171,1,1,2960,63.5
4172,1,1,2960,75.817
4173,1,1,3160,72.517
4174,1,0,3160,65.4
4175,1,1,3160,66.2
4176,1,1,3160,75.183
4177,1,1,2960,69.167
4178,1,1,3160,65.5
4179,1,1,2960,57.217
4180,1,0,2560,63.567
4181,1,2,3160,74.983
4182,1,0,3160,63.733
4183,1,2,2560,69.933
4184,1,0,2960,66.733
4185,0,3,2510,65.4
4186,1,0,3360,69.917
4187,0,3,2600,75.233
4188,1,1,3160,75.05
4189,1,2,2760,61.467
4190,1,1,2760,82.483
4191,1,2,2960,71.017
4192,0,3,2420,64.833
4193,1,2,2960,70.367
4194,1,1,2560,64.483
4195,1,1,3160,58.217
4196,1,0,3160,60.9
4197,1,2,2960,69.0
4198,1,0,3160,78.067
4199,1,2,2760,73.6
4200,0,3,2910,79.917
4201,1,2,2960,76.817
4202,1,1,2960,62.617
4203,1,1,2560,75.2
4204,0,3,2420,48.517
4205,1,2,2760,83.833
4206,1,0,3360,67.6
4207,1,1,2760,64.333
4208,1,1,2560,62.067
4209,0,3,2920,69.5
4210,1,1,2960,59.367
4211,1,2,2560,72.433
4212,1,1,3160,65.017
4213,1,1,2960,64.333
4214,1,2,2960,72.483
4215,1,1,2960,75.733
4216,1,0,3160,60.25
4217,1,2,2960,72.25
4218,1,1,3160,69.05
4219,1,0,3560,68.067
4220,0,3,2920,72.15
4221,1,1,2960,71.8
4222,1,1,3160,62.717
4223,1,1,2960,71.383
4224,1,1,2960,67.167
4225,1,1,3360,70.5
4226,1,2,3160,78.45
4227,1,1,2560,58.467
4228,1,2,3360,67.283
4229,1,2,3560,76.567
4230,0,3,2410,58.983
4231,1,1,2760,68.5
4232,1,1,3360,80.75
4233,0,3,2740,64.183
4234,1,1,2960,68.167
4235,1,1,3160,78.583
4236,1,2,3160,76.083
4237,1,2,2960,71.767
4238,1,2,2760,79.1
4239,1,0,3360,65.733
4240,1,0,2960,57.733
4241,1,2,2760,74.4
4242,1,1,3160,64.95
4243,1,1,2960,74.85
4244,1,1,2960,74.55
4245,1,2,2960,70.85
4246,1,2,2760,63.65
4247,1,2,2960,65.0
4248,1,1,2960,65.5
4249,1,1,3160,59.833
4250,1,1,2960,65.5
4251,1,0,3360,59.567
4252,1,1,2760,63.5
4253,1,0,2760,62.583
4254,1,1,2960,67.2
4255,1,1,2960,69.017
4256,1,1,2960,68.867
4257,1,1,2760,75.583
4258,1,1,2960,63.383
4259,1,1,2760,65.5
4260,1,1,3160,79.333
4261,1,2,3160,60.1
4262,1,1,2960,61.033
4263,1,2,2960,74.533
4264,1,0,3360,67.233
4265,1,2,2960,70.317
4266,1,1,3560,62.5
4267,1,1,2760,77.217
4268,1,2,2760,75.8
4269,1,2,2760,79.717
4270,1,2,2960,63.133
4271,1,2,3760,72.983
4272,1,2,2760,72.45
4273,1,2,2760,63.5
4274,1,1,3360,62.783
4275,1,0,3160,65.067
4276,1,2,2960,65.85
4277,1,1,3360,82.983
4278,1,2,2960,63.9
4279,1,0,2560,64.917
4280,1,1,2760,75.717
4281,1,1,2960,66.167
4282,1,2,2960,66.433
4283,1,1,2760,59.733
4284,1,0,3760,61.067
4285,1,1,3160,70.917
4286,1,0,2760,70.067
4287,1,2,2960,69.583
4288,1,2,2760,75.833
4289,1,2,2760,68.183
4290,1,1,2560,61.667
4291,1,2,2960,68.017
4292,1,0,2960,65.233
4293,1,0,3160,61.583
4294,1,1,3360,63.85
4295,1,1,3760,67.917
4296,0,3,2940,74.717
4297,1,1,3360,66.333
4298,1,1,2960,72.533
4299,0,3,2740,51.867
4300,1,0,2960,69.433
4301,0,3,2310,51.167
4302,1,1,2560,56.717
4303,1,1,2760,73.05
4304,1,1,2760,65.833
4305,1,1,3160,63.717
4306,0,3,2690,59.6
4307,1,0,2960,65.917
4308,1,2,2960,72.617
4309,1,2,2960,77.35
4310,1,1,3160,65.517
4311,1,2,2760,75.983
4312,1,1,2960,70.417
4313,1,0,2960,71.067
4314,1,1,3360,61.717
4315,1,2,2960,72.767
4316,1,1,2560,67.9
4317,0,3,2870,57.917
4318,1,1,3360,67.217
4319,1,2,2760,61.917
4320,1,0,3360,65.9
4321,1,1,2760,68.467
4322,1,0,2960,59.733
4323,1,2,2960,67.65
4324,1,2,3160,65.167
4325,1,2,2760,69.65
4326,1,2,2760,61.333
4327,1,1,3160,69.7
4328,1,1,3760,65.533
4329,1,1,2560,81.283
4330,1,1,2760,71.733
4331,1,1,2560,68.883
4332,1,0,3160,57.4
4333,1,2,2960,67.183
4334,1,2,2960,66.6
4335,1,2,3360,66.617
4336,0,3,2920,64.333
4337,1,1,2960,67.283
4338,1,1,2960,71.85
4339,1,2,2560,79.217
4340,1,2,2760,78.417
4341,1,2,2960,66.383
4342,1,1,2560,70.2
4343,1,2,3360,82.1
4344,1,2,2960,61.683
4345,1,1,3160,59.833
4346,1,1,3160,65.3
4347,1,1,2760,75.267
4348,1,1,3360,75.183
4349,1,2,2760,75.283
4350,1,1,2960,63.367
4351,1,2,3160,84.833
4352,1,2,2760,75.317
4353,1,1,2760,71.583
4354,1,1,2960,60.867
4355,1,1,3360,70.133
4356,1,2,2960,72.767
4357,0,3,2730,68.917
4358,1,1,2960,60.867
4359,1,2,3560,71.1
4360,1,0,2960,65.067
4361,1,0,2960,62.067
4362,1,1,3160,64.9
4363,1,1,3160,71.233
4364,1,2,2960,64.433
4365,0,3,2760,60.333
4366,1,1,3360,64.2
4367,1,0,3160,68.4
4368,1,1,2960,62.3
4369,1,0,3160,60.583
4370,1,1,3160,69.15
4371,1,1,3160,67.683
4372,1,1,2760,66.783
4373,1,2,2760,70.083
4374,1,0,2960,66.4
4375,1,0,3160,62.067
4376,1,2,2960,66.3
4377,1,1,2760,65.633
4378,1,0,3360,64.4
4379,0,3,2690,71.983
4380,1,1,2760,64.217
4381,1,1,3160,66.033
4382,1,1,2960,73.517
4383,1,2,2760,69.433
4384,0,3,3300,71.267
4385,1,0,2960,60.733
4386,1,2,2960,66.383
4387,1,1,2760,66.5
4388,1,0,3160,63.4
4389,1,0,3160,71.567
4390,1,1,2960,58.6
4391,1,1,3160,69.9
4392,1,1,3160,71.5
4393,1,2,2760,68.383
4394,1,2,2960,74.033
4395,1,0,2760,62.067
4396,0,3,2090,55.5
4397,1,0,2760,65.433
4398,1,0,2960,74.567
4399,1,2,2760,65.133
4400,1,1,3160,83.167
4401,1,0,2960,65.067
4402,1,1,2560,59.567
4403,1,2,3160,71.167
4404,1,1,2760,79.433
4405,1,2,2960,75.767
4406,1,2,3160,84.183
4407,1,1,2760,73.15
4408,1,1,3360,86.967
4409,0,3,3150,63.383
4410,1,1,3360,64.717
4411,0,3,2690,73.833
4412,1,1,3560,69.55
4413,0,3,2750,69.467
4414,1,1,2960,62.167
4415,1,1,2960,70.05
4416,1,1,3760,76.183
4417,1,1,2960,67.167
4418,1,1,2760,76.367
4419,0,3,3520,71.367
4420,1,0,3560,71.917
4421,1,2,2760,75.867
4422,0,3,2560,50.183
4423,1,1,2760,60.717
4424,1,1,3160,80.55
4425,1,2,3360,73.85
4426,1,2,2760,72.5
4427,1,1,3360,73.733
4428,1,1,2960,69.7
4429,0,3,3150,83.15
4430,1,1,2760,65.5
4431,1,0,2960,55.9
4432,1,1,2760,60.317
4433,1,1,3360,70.283
4434,1,0,2760,63.4
4435,1,0,2760,68.4
4436,1,2,2960,74.0
4437,1,2,3160,61.533
4438,1,2,2560,70.317
4439,0,3,2600,60.267
4440,1,0,3160,62.917
4441,1,2,2760,71.5
4442,1,2,2760,65.833
4443,1,1,3160,62.733
4444,1,1,2960,61.35
4445,1,1,3360,74.017
4446,1,1,2760,65.9
4447,0,3,2870,57.5
4448,1,2,2760,67.15
4449,1,1,2960,65.217
4450,1,1,3360,72.983
4451,1,0,2960,57.733
4452,1,1,2760,59.933
4453,1,1,2760,68.833
4454,1,2,2560,71.45
4455,1,1,3360,74.233
4456,1,2,2960,68.017
4457,1,1,2960,77.183
4458,0,3,2510,51.083
4459,1,1,2760,61.0
4460,0,3,3150,71.533
4461,1,1,3360,77.233
4462,1,1,2960,64.883
4463,1,1,2560,72.717
4464,1,1,2560,77.4
4465,1,0,3160,62.583
4466,1,2,2960,62.15
4467,1,0,2960,64.067
4468,1,0,3560,59.4
4469,0,3,2890,68.3
4470,1,2,2560,79.633
4471,1,2,2960,60.117
4472,1,1,2960,65.317
4473,1,2,2960,66.183
4474,1,1,2760,67.5
4475,1,0,2960,62.25
4476,1,2,2960,71.05
4477,1,2,3160,66.183
4478,1,0,3160,82.917
4479,1,1,3360,64.833
4480,1,1,3160,70.0
4481,1,0,3560,60.917
4482,1,2,2960,74.583
4483,1,1,3160,71.55
4484,0,3,2780,64.617
4485,1,1,2760,75.083
4486,1,1,2760,68.667
4487,1,2,3160,64.2
4488,1,1,3160,71.667
4489,1,1,2760,65.817
4490,1,1,3360,64.917
4491,1,2,3160,81.483
4492,1,1,2560,64.733
4493,1,2,2560,73.35
4494,1,2,2960,74.233
4495,1,0,2960,70.067
4496,1,1,2960,70.817
4497,1,1,2960,72.533
4498,1,1,3360,63.233
4499,1,2,3160,78.55
4500,1,1,2960,72.333
4501,1,2,3160,64.9
4502,1,0,3760,68.583
4503,1,1,3160,70.267
4504,1,0,2960,63.067
4505,1,1,2960,61.783
4506,1,2,2760,61.133
4507,1,2,2760,73.567
4508,1,0,3160,66.733
4509,1,0,3160,57.4
4510,1,2,2760,66.1
4511,0,3,2280,58.333
4512,1,1,3360,80.2
4513,1,2,2760,58.783
4514,1,1,2760,69.833
4515,1,0,3360,61.4
4516,1,2,2760,68.917
4517,1,0,2760,66.417
4518,1,1,3360,65.683
4519,1,2,3160,68.55
4520,1,1,3160,62.733
4521,1,0,2760,63.733
4522,1,1,3560,67.233
4523,1,1,3160,69.733
4524,1,2,2760,72.35
4525,1,1,3360,72.4
4526,1,1,2960,65.817
4527,1,0,2760,70.583
4528,1,2,2960,68.883
4529,1,2,2760,60.633
4530,1,1,2960,65.333
4531,1,1,2960,67.117
4532,1,2,2560,58.767
4533,0,3,2900,73.817
4534,1,1,3360,65.267
4535,1,1,2560,65.333
4536,0,3,2820,66.083
4537,1,1,2960,76.167
4538,1,2,2760,64.3
4539,0,3,2700,57.017
4540,1,1,2760,76.067
4541,1,2,2560,74.783
4542,1,1,2960,74.367
4543,1,2,2760,62.05
4544,1,1,2560,57.233
4545,1,2,2760,78.95
4546,1,2,2960,73.233
4547,1,1,2960,62.0
4548,1,1,2960,65.1
4549,1,1,2760,75.517
4550,1,0,2960,65.733
4551,1,2,2560,76.183
4552,1,1,2560,60.5
4553,1,1,3360,85.367
4554,1,1,2960,68.867
4555,1,0,3360,71.067
4556,1,0,2960,60.4
4557,1,2,2960,79.167
4558,1,2,3160,78.167
4559,1,2,2960,78.7
4560,1,1,3360,65.167
4561,1,1,2960,63.4
4562,1,2,2710,71.667
4563,1,0,2760,71.9
4564,1,2,2560,66.817
4565,1,0,2560,73.25
4566,1,0,3160,63.4
4567,1,1,3560,69.067
4568,1,1,3160,68.417
4569,1,0,2760,58.9
4570,1,1,2960,73.7
4571,1,1,2960,64.6
4572,1,1,2760,63.383
4573,1,1,2760,67.2
4574,1,1,3360,68.2
4575,1,1,2760,69.5
4576,1,1,3360,72.533
4577,1,1,2960,77.533
4578,1,1,2760,70.717
4579,1,2,2960,68.15
4580,1,2,2560,65.467
4581,1,1,3360,70.6
4582,1,0,2960,70.917
4583,1,1,3360,70.617
4584,1,0,2960,68.25
4585,1,1,2510,64.033
4586,1,1,2760,59.95
4587,1,1,2560,67.367
4588,1,1,2960,64.717
4589,1,0,2960,65.733
4590,1,0,2760,72.733
4591,1,1,3360,72.567
4592,1,2,2960,75.183
4593,1,1,2560,76.05
4594,1,2,2960,69.433
4595,1,0,3160,70.083
4596,1,2,3160,73.633
4597,1,1,2560,62.367
4598,1,2,2560,70.817
4599,1,1,2960,69.733
4600,1,1,2760,65.45
4601,1,1,2560,77.85
4602,1,1,2560,61.9
4603,1,1,2960,65.8
4604,1,2,2560,64.55
4605,1,2,2960,68.483
4606,1,2,3160,70.467
4607,1,2,3360,65.383
4608,1,0,3360,66.4
4609,1,2,3160,62.733
4610,1,2,3160,64.217
4611,1,2,3160,78.517
4612,0,3,2320,58.85
4613,1,0,2960,60.4
4614,1,2,2760,77.167
4615,1,2,2960,73.167
4616,1,1,2760,68.717
4617,1,2,2560,63.683
4618,1,2,3160,65.817
4619,1,2,2960,66.083
4620,1,1,2560,70.05
4621,1,0,2960,72.9
4622,1,0,3560,73.583
4623,1,0,2960,66.067
4624,1,2,2960,75.117
4625,1,1,3560,69.817
4626,1,1,3560,78.017
4627,1,2,2760,64.85
4628,1,1,2560,65.233
4629,1,1,3360,69.1
4630,1,1,3360,76.0
4631,1,2,2960,81.083
4632,1,1,2760,59.167
4633,1,2,3360,83.05
4634,1,2,2760,83.85
4635,1,1,2560,62.5
4636,1,2,2960,68.667
4637,1,2,2760,66.833
4638,1,1,2760,67.167
4639,1,2,2960,77.817
4640,1,2,2760,65.633
4641,1,2,2760,65.017
4642,1,1,2760,55.5
4643,1,2,3160,72.15
4644,0,3,2150,48.217
4645,1,1,2760,61.333
4646,1,0,2960,67.4
4647,1,1,2760,62.717
4648,1,2,2760,65.917
4649,1,1,3360,70.467
4650,1,1,3360,72.717
4651,1,1,3160,70.7
4652,1,2,2760,80.667
4653,1,2,2960,75.283
4654,1,2,2760,63.317
4655,1,2,2760,63.433
4656,1,1,2760,61.117
4657,1,2,2960,76.95
4658,1,2,2960,70.683
4659,1,2,2960,73.283
4660,0,3,2420,52.517
4661,1,2,3510,66.633
4662,1,2,2760,67.583
4663,1,2,2960,71.45
4664,1,2,2960,63.817
4665,1,1,3360,64.733
4666,1,1,2760,67.883
4667,1,1,3360,65.45
4668,0,3,2670,62.717
4669,1,1,2960,66.667
4670,1,1,2560,60.55
4671,1,1,2960,77.95
4672,1,1,2960,63.533
4673,1,2,2960,67.683
4674,1,2,3160,72.433
4675,1,1,3360,61.983
4676,1,0,2760,74.4
4677,1,0,2560,70.583
4678,1,1,2960,70.7
4679,1,2,2960,70.833
4680,1,2,2560,72.483
4681,1,0,2560,65.4
4682,1,1,2760,65.133
4683,1,1,3360,70.633
4684,1,1,3360,63.95
4685,1,1,2960,66.533
4686,1,2,2960,66.25
4687,1,2,2960,71.983
4688,1,1,2960,66.9
4689,1,2,2710,62.35
4690,1,2,2960,65.133
4691,1,1,3560,78.467
4692,0,3,3120,64.817
4693,1,1,3160,64.867
4694,1,1,2760,77.217
4695,0,3,2270,61.767
4696,1,1,2960,68.717
4697,1,2,2760,63.6
4698,1,2,2760,75.167
4699,1,1,2760,60.833
4700,1,1,2760,61.867
4701,1,1,2960,70.717
4702,1,1,2760,63.733
4703,1,0,3160,59.9
4704,0,3,2900,68.883
4705,0,3,2660,62.567
4706,1,2,2960,66.75
4707,1,1,3360,72.467
4708,1,1,2510,64.367
4709,0,3,2320,56.05
4710,1,0,3160,65.733
4711,1,0,3360,70.75
4712,0,3,2670,66.433
4713,1,1,2760,68.967
4714,1,1,2760,74.9
4715,0,3,2740,62.867
4716,1,2,2760,70.417
4717,1,1,3160,60.45
4718,1,1,2560,62.1
4719,1,1,3160,65.1
4720,0,3,3150,80.1
4721,1,0,2560,66.917
4722,1,1,2960,66.517
4723,1,1,2760,80.85
4724,1,0,2760,60.4
4725,1,2,3560,71.1
4726,1,1,3360,62.833
4727,1,0,2760,60.917
4728,1,0,2560,61.067
4729,1,2,3360,74.133
4730,1,1,2960,82.95
4731,1,0,3360,82.25
4732,1,1,2760,64.15
4733,1,2,2560,71.9
4734,0,3,2720,73.167
4735,1,1,3160,67.867
4736,1,1,2960,62.55
4737,1,2,2760,72.367
4738,1,0,3560,67.917
4739,0,3,2280,57.533
4740,1,1,2760,63.533
4741,1,1,3360,63.367
4742,1,0,3960,67.067
4743,1,0,2760,75.417
4744,1,0,2760,78.067
4745,1,1,2760,80.367
4746,0,3,2890,69.25
4747,1,2,2960,56.967
4748,1,2,3160,72.417
4749,0,3,2790,78.383
4750,1,1,2960,67.217
4751,1,1,3160,72.617
4752,1,2,2760,82.217
4753,1,1,3160,65.017
4754,0,3,2780,69.6
4755,1,2,2560,69.683
4756,1,0,2960,72.8
4757,1,0,3960,60.917
4758,1,1,2760,65.0
4759,1,2,3160,67.983
4760,1,0,3360,61.25
4761,1,2,2960,60.267
4762,1,1,2960,62.667
4763,1,2,2760,78.017
4764,1,2,2560,75.533
4765,1,1,2760,66.517
4766,1,1,3160,69.317
4767,1,0,3160,99.583
4768,1,1,3160,67.5
4769,1,1,3160,65.417
4770,1,0,3160,70.733
4771,1,2,2960,67.55
4772,0,3,2370,52.033
4773,1,0,2560,57.4
4774,1,0,3560,75.067
4775,0,3,2940,62.617
4776,0,3,2410,61.483
4777,0,3,2390,55.75
4778,0,3,2940,62.75
4779,1,1,2760,74.133
4780,1,2,3160,80.367
4781,1,2,2760,71.983
4782,1,0,2560,56.233
4783,1,1,3160,70.85
4784,1,1,2560,58.383
4785,1,0,3160,65.067
4786,1,1,3160,67.05
4787,1,1,2960,65.383
4788,1,2,2760,79.817
4789,1,1,2960,66.567
4790,1,2,2760,72.45
4791,0,3,3140,63.75
4792,1,0,2760,56.067
4793,1,1,2960,69.167
4794,1,0,3160,61.4
4795,1,1,2960,68.567
4796,1,2,2960,67.167
4797,1,1,3160,61.4
4798,1,1,3160,69.6
4799,1,1,2960,71.517
4800,1,1,2760,63.567
4801,0,3,2470,65.85
4802,1,0,2960,60.233
4803,1,1,2760,65.883
4804,1,1,2960,65.233
4805,0,3,3030,69.133
4806,0,3,2340,49.75
4807,1,1,3360,72.367
4808,1,0,2960,66.733
4809,1,0,3560,58.4
4810,1,1,3160,79.05
4811,1,2,2960,67.317
4812,1,2,2560,63.167
4813,1,2,3160,70.767
4814,1,1,2960,68.167
4815,0,3,2920,70.167
4816,1,1,2560,74.95
4817,1,1,3360,63.933
4818,1,1,3160,73.433
4819,0,3,2510,50.133
4820,1,0,2760,74.75
4821,1,1,2960,80.95
4822,1,1,2760,80.117
4823,0,3,2310,52.567
4824,1,1,2960,68.65
4825,1,0,3560,60.067
4826,1,1,2560,65.0
4827,1,1,2960,66.217
4828,1,2,2560,71.367
4829,1,1,2760,71.9
4830,1,1,3360,84.733
4831,1,1,2760,64.683
4832,1,1,2560,68.45
4833,1,2,2760,65.6
4834,1,1,2760,62.217
4835,0,3,2810,65.033
4836,1,1,2960,64.033
4837,1,0,3560,76.567
4838,1,0,2760,66.733
4839,0,3,2190,49.5
4840,1,2,2760,62.433
4841,1,1,2760,69.383
4842,1,1,3160,70.7
4843,1,1,3560,68.883
4844,1,1,2960,77.883
4845,1,1,2760,66.483
4846,1,2,2760,64.85
4847,1,2,3360,74.333
4848,1,2,3360,74.833
4849,0,3,2680,64.817
4850,1,2,2960,72.7
4851,1,0,2760,79.417
4852,1,1,2960,61.45
4853,1,2,2960,71.05
4854,1,2,2760,65.517
4855,1,1,2960,61.45
4856,1,2,2960,67.15
4857,1,1,3560,72.65
4858,1,0,3760,71.733
4859,1,2,2960,67.6
4860,1,2,2560,67.533
4861,1,1,3760,66.333
4862,1,1,2760,66.95
4863,1,2,3960,84.133
4864,1,1,2760,71.5
4865,1,1,3160,68.133
4866,1,1,2960,69.0
4867,1,1,3360,70.783
4868,1,2,2760,59.95
4869,1,2,2560,61.467
4870,1,1,2760,60.983
4871,1,1,2960,74.5
4872,1,0,2960,60.9
4873,1,1,2760,67.383
4874,1,0,3160,58.9
4875,1,2,2760,76.767
4876,1,2,2560,61.083
4877,1,0,2760,70.567
4878,1,1,2760,74.783
4879,1,1,2960,76.683
4880,1,1,3160,67.383
4881,1,1,2560,59.733
4882,1,1,3160,59.867
4883,1,1,2960,70.933
4884,1,1,3160,67.717
4885,1,2,2760,82.2
4886,1,2,2960,68.3
4887,1,2,2960,64.65
4888,0,3,2370,69.083
4889,1,0,2960,66.75
4890,1,1,2960,79.883
4891,1,0,3360,62.417
4892,1,2,2760,85.05
4893,1,0,2960,53.733
4894,1,1,2760,64.95
4895,0,3,2750,46.867
4896,1,1,2960,62.233
4897,1,0,3160,58.733
4898,1,1,2960,71.883
4899,1,1,3960,65.933
4900,1,1,3760,69.95
4901,1,0,2760,61.25
4902,1,2,2760,68.867
4903,1,0,3160,67.733
4904,1,1,2960,68.317
4905,1,0,2960,66.4
4906,1,1,3760,74.133
4907,1,1,3160,85.95
4908,0,3,2320,56.567
4909,1,1,2960,72.633
4910,1,1,3160,67.4
4911,1,2,2760,65.8
4912,1,0,2960,69.067
4913,0,3,2720,67.383
4914,1,1,2760,72.383
4915,1,2,2960,62.317
4916,1,1,2760,66.167
4917,1,1,3160,65.083
4918,1,1,2760,72.75
4919,1,0,3160,72.6
4920,1,1,2560,81.183
4921,1,1,2960,60.167
4922,1,2,2760,66.2
4923,1,2,2760,69.75
4924,0,3,2710,60.833
4925,1,1,2960,84.517
4926,1,2,3160,63.667
4927,0,3,2500,50.667
4928,1,2,2760,60.617
4929,1,1,2760,72.333
4930,1,0,2760,64.733
4931,0,3,2850,65.95
4932,1,1,2960,60.55
4933,1,1,2760,66.883
4934,0,3,2500,64.867
4935,1,0,3160,62.733
4936,1,2,2560,67.817
4937,1,1,2960,66.55
4938,1,0,3160,63.4
4939,1,1,3160,71.45
4940,1,1,3360,66.7
4941,1,2,2560,73.267
4942,1,1,2960,70.883
4943,1,1,2760,59.7
4944,1,1,2760,78.333
4945,1,1,2960,64.567
4946,1,0,2760,58.917
4947,1,2,2560,71.017
4948,1,2,3160,74.417
4949,1,1,3160,69.717
4950,1,2,2560,67.317
4951,1,1,2760,71.233
4952,0,3,3140,62.65
4953,0,3,3110,67.183
4954,1,0,2960,60.4
4955,1,1,2760,62.0
4956,1,1,2760,62.55
4957,1,1,2760,61.283
4958,1,2,3360,67.933
4959,1,1,2710,77.867
4960,1,1,2960,72.083
4961,1,1,2760,72.817
4962,1,2,2560,72.783
4963,1,1,3160,72.4
4964,1,0,2760,62.067
4965,1,0,3160,76.767
4966,1,1,2960,78.333
4967,1,1,2960,78.0
4968,0,3,2790,70.133
4969,1,2,3360,70.717
4970,1,1,2960,63.067
4971,0,3,2470,58.017
4972,1,2,2760,72.3
4973,1,0,2560,56.4
4974,1,2,2760,78.767
4975,1,2,3160,70.433
4976,1,1,3760,74.35
4977,1,2,2960,80.867
4978,1,1,2960,68.267
4979,1,2,2560,75.267
4980,1,1,3160,55.667
4981,1,2,3160,73.633
4982,1,2,2560,83.933
4983,1,0,3360,68.733
4984,1,1,2760,74.183
4985,1,2,2960,58.8
4986,1,1,3160,67.35
4987,1,0,2560,64.733
4988,1,0,2960,61.733
4989,1,2,2960,76.217
4990,1,1,2960,66.383
4991,1,1,3960,74.35
4992,1,1,2960,67.033
4993,1,0,2560,61.733
4994,0,3,2680,60.6
4995,1,1,2760,64.317
4996,1,1,2960,65.833
4997,1,1,3160,58.617
4998,1,1,2960,63.183
4999,0,3,3000,73.1
5000,1,2,3560,71.483
5001,1,1,3160,68.55
5002,1,0,2760,62.067
5003,1,1,2960,66.4
5004,1,1,3560,80.183
5005,1,1,2760,61.983
5006,0,3,2500,81.75
5007,1,1,2960,64.283
5008,1,2,2760,68.967
5009,1,1,3560,72.067
5010,1,1,3160,65.033
5011,1,1,2760,68.8
5012,1,1,2960,68.217
5013,1,1,2960,66.783
5014,1,2,2960,69.5
5015,1,2,2760,64.933
5016,1,2,2960,66.95
5017,1,1,3160,68.45
5018,1,2,2560,67.217
5019,1,2,2760,65.3
5020,0,3,2540,65.717
5021,1,1,2560,74.167
5022,1,1,3360,76.3
5023,1,1,3160,61.067
5024,1,1,2760,58.733
5025,1,0,2960,60.733
5026,1,0,3760,68.75
5027,1,2,2960,64.017
5028,1,0,2960,62.067
5029,1,0,3360,62.567
5030,1,1,3160,69.033
5031,1,1,2960,81.2
5032,1,1,2760,68.283
5033,0,3,2330,46.983
5034,1,2,2760,72.683
5035,0,3,2670,63.783
5036,1,1,2960,72.833
5037,0,3,2690,51.75
5038,1,0,2760,59.4
5039,1,0,3760,66.233
5040,1,1,2560,65.617
5041,1,1,2960,72.117
5042,1,1,3160,61.267
5043,1,2,2760,66.983
5044,1,2,2760,71.05
5045,1,0,3360,61.233
5046,1,2,2760,77.2
5047,0,3,2730,78.25
5048,1,1,2960,60.217
5049,1,2,2560,94.267
5050,0,3,2890,67.2
5051,1,1,3360,68.283
5052,0,3,2390,52.933
5053,1,0,2760,57.733
5054,1,1,3160,63.783
5055,1,2,2960,68.267
5056,1,0,3360,65.733
5057,1,2,2560,63.133
5058,1,1,2760,75.3
5059,0,3,2400,55.7
5060,1,0,3160,62.233
5061,1,1,3160,65.767
5062,1,1,2560,61.8
5063,1,2,2560,67.967
5064,0,3,2700,71.85
5065,0,3,2620,58.467
5066,1,0,2760,60.733
5067,1,1,2560,60.617
5068,1,1,3160,68.083
5069,1,0,3160,72.4
5070,0,3,2650,55.683
5071,0,3,2720,70.617
5072,1,1,2960,57.1
5073,1,1,3160,75.3
5074,1,1,3560,70.833
5075,1,1,2560,58.05
5076,1,1,3160,81.333
5077,1,2,2710,77.733
5078,1,0,2960,71.733
5079,1,1,3160,71.167
5080,1,2,3160,69.85
5081,1,1,2760,59.017
5082,1,2,3160,75.133
5083,1,1,2960,70.467
5084,1,1,2960,58.15
5085,1,1,2760,79.517
5086,1,1,2560,62.717
5087,1,1,3160,76.167
5088,1,2,2960,65.317
5089,1,2,2960,74.433
5090,1,1,2760,63.05
5091,1,2,2960,72.4
5092,1,0,3160,70.417
5093,1,1,3360,66.217
5094,1,1,2960,64.833
5095,1,2,3160,81.45
5096,1,1,2960,60.8
5097,1,1,2760,63.033
5098,1,0,3360,65.083
5099,1,0,2560,55.567
5100,1,2,2760,71.117
5101,1,2,2960,67.5
5102,1,2,2760,76.017
5103,1,1,2760,60.833
5104,1,0,2560,70.733
5105,1,1,2760,60.867
5106,1,1,3360,76.167
5107,1,1,2960,77.067
5108,0,3,2640,74.267
5109,1,0,3560,58.233
5110,0,3,2800,61.3
5111,1,1,2760,67.55
5112,1,1,3560,66.317
5113,1,1,2760,67.15
5114,1,1,2760,65.167
5115,1,0,2960,61.233
5116,1,0,2560,64.4
5117,1,0,2960,58.4
5118,1,0,2960,73.933
5119,0,3,2690,74.633
5120,0,3,2890,57.783
5121,1,2,2760,66.85
5122,1,1,2560,70.983
5123,1,1,2760,77.433
5124,1,0,2760,70.433
5125,1,0,3160,68.4
5126,1,2,2960,71.283
5127,1,2,2960,71.45
5128,1,2,2960,58.483
5129,1,2,2910,68.917
5130,1,2,2760,61.2
5131,1,1,2760,67.517
5132,1,1,2760,65.2
5133,1,2,2960,70.55
5134,1,1,3560,76.267
5135,1,0,2960,56.4
5136,1,0,3160,60.067
5137,1,1,2960,61.967
5138,1,1,2960,57.0
5139,1,0,3110,60.4
5140,1,2,2760,68.967
5141,1,2,3160,77.983
5142,1,2,2960,71.317
5143,0,3,2120,43.367
5144,1,1,3360,73.3
5145,1,2,2960,67.433
5146,1,2,3160,74.55
5147,1,1,3360,68.867
5148,1,1,2760,64.883
5149,1,2,2960,67.467
5150,0,3,2360,63.383
5151,1,2,2960,75.0
5152,1,1,2560,61.333
5153,0,3,2340,50.083
5154,1,1,3360,77.783
5155,1,0,3160,56.4
5156,1,0,3160,61.733
5157,1,1,2760,57.867
5158,1,0,2960,68.4
5159,1,0,2760,56.9
5160,1,1,2560,66.4
5161,1,1,3160,65.45
5162,1,1,2560,65.4
5163,1,2,2960,66.633
5164,1,0,3360,59.567
5165,1,0,2960,66.583
5166,1,1,2560,55.533
5167,0,3,2360,55.2
5168,1,2,2760,74.333
5169,1,1,3360,70.217
5170,0,3,2940,62.95
5171,1,1,2760,67.2
5172,1,1,2760,68.883
5173,1,2,2960,69.317
5174,1,2,2960,71.95
5175,1,1,3560,65.133
5176,1,1,2560,70.4
5177,1,2,2760,69.317
5178,1,2,2960,73.317
5179,1,1,3960,76.483
5180,1,1,3160,78.617
5181,1,1,2960,69.217
5182,0,3,2310,46.767
5183,1,1,3160,67.45
5184,1,0,4360,64.4
5185,1,2,3360,72.85
5186,1,1,2760,71.45
5187,1,1,3160,68.767
5188,1,1,2560,62.667
5189,1,1,2760,73.067
5190,1,1,2960,65.567
5191,1,1,2960,64.8
5192,0,3,2160,62.533
5193,0,3,2240,40.5
5194,1,1,2760,71.767
5195,1,2,3360,72.433
5196,1,2,2960,68.483
5197,1,0,3360,66.4
5198,1,1,3960,74.45
5199,0,3,2940,58.867
5200,1,1,3360,70.05
5201,1,0,2960,60.067
5202,1,1,3560,67.767
5203,1,0,2960,60.733
5204,1,1,2760,73.433
5205,1,2,2560,77.3
5206,1,2,2560,78.767
5207,1,2,2760,70.15
5208,1,2,2960,67.15
5209,0,3,2310,51.417
5210,1,1,2760,70.983
5211,1,1,2960,67.717
5212,1,0,3160,71.767
5213,1,2,2560,65.667
5214,1,2,3560,82.617
5215,1,1,3160,74.483
5216,1,1,3160,73.167
5217,1,2,2760,64.15
5218,1,1,2760,69.9
5219,1,1,3160,65.517
5220,1,2,2760,60.683
5221,1,2,2960,62.833
5222,1,2,3160,73.683
5223,0,3,3140,78.617
5224,1,2,3360,70.1
5225,1,0,3160,91.567
5226,1,2,2760,64.8
5227,1,1,2960,73.717
5228,1,1,2960,68.067
5229,1,0,2760,61.067
5230,1,0,2560,61.4
5231,1,0,2760,57.233
5232,1,1,2960,81.85
5233,1,2,3160,74.883
5234,1,2,2960,68.167
5235,1,0,3360,67.917
5236,1,2,3160,66.0
5237,0,3,2210,49.117
5238,1,1,2910,75.467
5239,1,2,3360,67.533
5240,1,1,2960,70.383
5241,1,0,3160,66.233
5242,1,1,2960,65.55
5243,1,2,2760,71.8
5244,1,2,2760,72.767
5245,1,0,2960,74.75
5246,1,1,3160,73.533
5247,1,1,2960,63.333
5248,1,1,2760,72.25
5249,1,1,3360,72.05
5250,1,0,3160,55.4
5251,1,0,2960,60.9
5252,1,1,2960,67.3
5253,1,2,2960,67.217
5254,1,0,3560,70.067
5255,1,1,2960,64.367
5256,1,0,2960,66.417
5257,1,1,2760,63.717
5258,1,2,2960,64.983
5259,0,3,2500,57.383
5260,1,0,3360,62.733
5261,0,3,2330,59.633
5262,1,2,3560,83.5
5263,1,2,3160,74.767
5264,1,0,3160,62.4
5265,1,0,2760,64.75
5266,1,1,3160,62.5
5267,1,2,2510,62.65
5268,1,1,2960,69.683
5269,1,1,2760,78.2
5270,1,1,2760,59.767
5271,1,2,3760,72.95
5272,1,1,2760,66.2
5273,1,0,2960,63.233
5274,0,3,2240,49.083
5275,0,3,2920,67.233
5276,0,3,3100,65.683
5277,1,1,2960,72.583
5278,1,0,2960,61.4
5279,0,3,3130,74.05
5280,1,1,2760,61.817
5281,1,1,2760,58.483
5282,1,0,3360,69.917
5283,1,2,2960,81.167
5284,1,1,2760,72.133
5285,1,1,3360,71.9
5286,1,1,2760,60.4
5287,1,0,3360,65.733
5288,1,2,3360,71.583
5289,1,2,2760,67.183
5290,1,0,2960,57.567
5291,1,2,3560,80.8
5292,1,1,2960,67.8
5293,1,1,2960,58.7
5294,0,3,2430,59.417
5295,1,1,3960,69.967
5296,1,1,3160,69.3
5297,1,2,2960,79.65
5298,1,0,3160,61.4
5299,1,2,2960,66.567
5300,1,2,2560,72.833
5301,1,2,2760,67.717
5302,1,2,3160,70.283
5303,1,1,3160,71.983
5304,1,1,3160,69.5
5305,1,2,3560,71.683
5306,1,1,2760,61.533
5307,1,0,2960,59.4
5308,0,3,2820,65.267
5309,1,2,2560,61.733
5310,1,1,2960,71.0
5311,1,2,2760,80.017
5312,1,1,2960,80.5
5313,1,1,2960,69.75
5314,0,3,2800,61.917
5315,1,0,2760,60.25
5316,1,1,3360,72.683
5317,1,2,3360,64.3
5318,1,1,2960,69.067
5319,1,1,2760,64.25
5320,1,2,2760,65.3
5321,1,1,3160,68.533
5322,1,1,2760,66.717
5323,1,0,3360,59.4
5324,1,1,3360,70.317
5325,1,2,3160,70.883
5326,1,0,2960,57.733
5327,1,1,2960,65.367
5328,1,1,2760,62.067
5329,1,2,2560,71.833
5330,1,2,3160,76.467
5331,1,1,2960,57.55
5332,1,1,2760,68.4
5333,1,0,3360,73.4
5334,1,1,3760,65.5
5335,1,2,3160,72.0
5336,1,2,3160,81.617
5337,0,3,2490,64.0
5338,1,2,3160,74.2
5339,1,0,2960,68.75
5340,1,1,2760,63.55
5341,1,1,2960,67.833
5342,1,1,2960,64.033
5343,1,2,2760,96.333
5344,1,0,2960,66.583
5345,1,0,3110,57.9
5346,1,2,2960,73.317
5347,1,0,2760,64.4
5348,1,1,2560,70.55
5349,1,0,3360,73.067
5350,1,1,2960,57.333
5351,1,0,3160,65.25
5352,1,2,2960,59.967
5353,1,1,2760,73.05
5354,1,1,2760,74.833
5355,1,1,2560,73.217
5356,1,1,3560,69.083
5357,1,1,3360,58.433
5358,1,1,3360,65.75
5359,1,2,2960,73.517
5360,1,1,2960,57.667
5361,1,1,3160,64.9
5362,1,1,3560,64.6
5363,1,0,2960,72.4
5364,1,2,2760,76.5
5365,1,0,3160,68.4
5366,1,0,2760,68.4
5367,1,1,2960,58.617
5368,0,3,2880,66.917
5369,1,1,2760,61.517
5370,1,2,2960,69.417
5371,1,2,2760,65.633
5372,1,2,2760,67.9
5373,1,1,3360,62.033
5374,1,1,2960,74.1
5375,1,0,3560,65.067
5376,1,2,2960,68.483
5377,1,2,2760,79.4
5378,1,1,3360,68.467
5379,1,2,2910,68.9
5380,1,2,2960,62.833
5381,1,0,2960,66.917
5382,0,3,2740,67.833
5383,1,2,2960,74.133
5384,1,2,2960,68.967
5385,1,2,2760,78.0
5386,1,1,3160,66.05
5387,1,0,4360,62.733
5388,1,0,3160,59.25
5389,0,3,2580,62.6
5390,1,0,2760,61.9
5391,1,0,2960,71.4
5392,0,3,2920,67.567
5393,1,1,2960,69.9
5394,0,3,2640,59.6
5395,1,1,2760,68.5
5396,1,0,2960,72.25
5397,1,2,2760,61.45
5398,0,3,2490,60.95
5399,1,0,3360,69.583
5400,1,0,3360,65.4
5401,1,2,2960,70.95
5402,1,2,2760,57.967
5403,0,3,3140,75.117
5404,1,1,3360,71.517
5405,1,2,2960,62.783
5406,1,1,2960,64.217
5407,0,3,2740,70.333
5408,0,3,2580,50.783
5409,1,1,2960,60.55
5410,1,1,2760,70.9
5411,0,3,2410,68.85
5412,1,1,2960,60.8
5413,1,0,3160,66.067
5414,1,2,2760,67.433
5415,0,3,2870,78.5
5416,1,1,2960,65.45
5417,1,1,3160,64.9
5418,1,0,3760,72.233
5419,0,3,2650,57.667
5420,1,1,3360,68.85
5421,1,1,2960,71.833
5422,1,0,2960,59.4
5423,1,2,3160,74.75
5424,1,2,2760,67.683
5425,1,1,2760,78.25
5426,1,2,2960,77.183
5427,1,1,2560,64.617
5428,1,0,2760,63.067
5429,1,1,3160,76.9
5430,1,0,3360,73.4
5431,1,1,2960,57.733
5432,1,0,3560,72.067
5433,0,3,2430,61.9
5434,1,2,2560,78.383
5435,1,2,2760,88.617
5436,1,2,2960,79.867
5437,1,0,3160,76.25
5438,1,0,2760,63.583
5439,1,1,2960,70.167
5440,1,1,2960,64.167
5441,1,0,2760,63.067
5442,1,1,2560,67.817
5443,1,1,2960,70.617
5444,0,3,2480,61.2
5445,1,1,2960,83.333
5446,1,1,2960,61.117
5447,1,2,2960,65.317
5448,1,2,2960,76.983
5449,1,2,2760,79.967
5450,1,2,2760,69.217
5451,1,2,2960,64.167
5452,1,1,3160,75.083
5453,1,2,2960,77.717
5454,1,1,3160,65.967
5455,1,1,2760,57.35
5456,1,1,2760,68.433
5457,1,2,3160,64.1
5458,1,2,2960,66.4
5459,1,1,3160,66.3
5460,1,1,3360,65.0
5461,1,2,3360,64.1
5462,1,1,2960,74.367
5463,1,1,3160,83.383
5464,1,1,2760,68.4
5465,1,2,2560,75.367
5466,1,1,2960,68.833
5467,1,1,2960,68.9
5468,1,1,3560,69.067
5469,0,3,2420,67.6
5470,1,1,2560,63.5
5471,1,2,2760,65.517
5472,1,2,2960,67.467
5473,1,2,2710,70.967
5474,1,2,3360,76.033
5475,1,2,2960,78.117
5476,1,1,3160,82.683
5477,1,0,2760,58.733
5478,1,1,2760,71.233
5479,1,2,2760,80.283
5480,1,1,2960,71.4
5481,1,2,2560,69.767
5482,0,3,2890,66.267
5483,1,2,2760,60.683
5484,1,1,3360,76.033
5485,1,0,3360,64.4
5486,1,1,3760,75.167
5487,1,1,2960,66.017
5488,1,1,3160,60.067
5489,1,0,2960,56.4
5490,1,0,2760,61.4
5491,0,3,2700,72.9
5492,1,1,2760,82.033
5493,1,0,3160,56.067
5494,1,2,2960,66.933
5495,1,1,3360,66.933
5496,1,1,2760,64.233
5497,1,1,2960,64.0
5498,1,1,3360,65.967
5499,1,1,2960,58.533
5500,1,2,2960,84.533
5501,1,1,2760,63.167
5502,1,2,2760,66.033
5503,1,1,2760,60.467
5504,1,2,2910,71.633
5505,1,0,3160,78.767
5506,1,1,2760,68.133
5507,1,0,2960,60.067
5508,0,3,2560,53.35
5509,1,1,2560,79.033
5510,1,1,2960,59.533
5511,1,0,2960,61.417
5512,0,3,2590,63.417
5513,1,2,3160,67.367
5514,1,2,3160,65.433
5515,1,1,2960,67.55
5516,1,2,2760,65.45
5517,1,1,2960,60.667
5518,1,2,2710,73.067
5519,1,1,2560,68.85
5520,1,1,2760,72.55
5521,1,1,2960,82.633
5522,1,2,2910,66.917
5523,0,3,2120,46.417
5524,1,0,2760,59.733
5525,1,0,3560,63.4
5526,1,1,2760,64.5
5527,1,1,2960,70.817
5528,1,2,2560,62.467
5529,1,0,3160,67.4
5530,0,3,2690,65.233
5531,0,3,2350,54.617
5532,1,1,2760,59.5
5533,1,0,2760,62.95
5534,1,1,3360,64.683
5535,1,2,3160,78.433
5536,1,0,3160,73.4
5537,1,2,2560,68.1
5538,1,1,3160,62.017
5539,1,2,2960,70.883
5540,1,0,2960,66.733
5541,1,2,2760,61.267
5542,1,1,3160,67.383
5543,1,2,2760,66.217
5544,1,2,2760,69.35
5545,1,2,2560,78.467
5546,1,2,2560,66.1
5547,0,3,2740,70.0
5548,1,1,3360,80.233
5549,1,2,3160,75.933
5550,1,1,3160,64.133
5551,1,2,2760,79.067
5552,1,1,3160,78.483
5553,1,1,3160,59.517
5554,1,2,3360,78.75
5555,1,1,3360,71.767
5556,1,1,2960,60.283
5557,1,2,2560,67.517
5558,1,2,2760,79.45
5559,0,3,2430,60.45
5560,1,1,3160,73.033
5561,0,3,2200,66.05
5562,1,2,2760,70.5
5563,1,1,2760,68.733
5564,1,0,2960,59.583
5565,1,1,2960,65.55
5566,1,0,3160,60.9
5567,1,1,2960,63.017
5568,1,1,2760,64.25
5569,0,3,2360,52.55
5570,1,0,2560,64.733
5571,1,1,3160,62.15
5572,1,2,2960,74.767
5573,1,0,2960,64.067
5574,1,1,2560,67.033
5575,1,2,2960,67.167
5576,1,2,2960,66.117
5577,0,3,3070,66.9
5578,0,3,2720,61.3
5579,1,0,3760,67.233
5580,1,2,3160,67.867
5581,1,2,2960,67.233
5582,1,0,3160,66.067
5583,1,1,2760,70.983
5584,1,2,2760,60.6
5585,1,2,2960,77.8
5586,1,0,2760,80.083
5587,1,1,3160,69.667
5588,1,2,2760,67.533
5589,1,0,3360,70.617
5590,1,1,2760,65.317
5591,1,2,2560,67.85
5592,1,1,2960,70.667
5593,0,3,3060,62.267
5594,0,3,2780,51.6
5595,1,1,2760,66.733
5596,1,2,2760,58.8
5597,1,2,3160,76.3
5598,1,1,3160,63.433
5599,1,1,3560,78.267
5600,1,1,2960,72.217
5601,1,1,2960,69.5
5602,1,2,3360,68.083
5603,1,2,2760,76.767
5604,1,1,3360,70.633
5605,1,1,2760,66.567
5606,1,1,2760,60.55
5607,1,0,2760,65.733
5608,1,2,2760,64.017
5609,1,0,2960,56.067
5610,1,1,2960,70.867
5611,1,0,3160,59.067
5612,1,0,3360,71.75
5613,1,2,2960,72.367
5614,1,2,2560,76.133
5615,1,2,2760,63.467
5616,1,2,2760,77.383
5617,0,3,2690,64.75
5618,1,2,2960,73.95
5619,1,1,2760,69.533
5620,1,1,3360,80.867
5621,1,1,2960,61.1
5622,1,2,2960,72.017
5623,1,0,3760,72.933
5624,0,3,2860,70.483
5625,1,1,3160,75.85
5626,1,1,3760,69.45
5627,1,1,2960,74.667
5628,1,1,3360,72.933
5629,1,2,2760,67.633
5630,1,1,3360,75.633
5631,1,1,3360,65.05
5632,1,1,2960,71.617
5633,1,1,3160,68.867
5634,1,2,2960,82.267
5635,1,2,2560,59.017
5636,1,0,2960,60.733
5637,1,1,2960,61.917
5638,1,1,2560,83.4
5639,0,3,2710,68.733
5640,1,2,2560,76.083
5641,1,2,2760,69.05
5642,1,2,2960,62.517
5643,1,2,2760,71.233
5644,1,1,2760,87.233
5645,1,0,3160,63.917
5646,1,1,3160,63.433
5647,1,0,3160,74.9
5648,1,1,3360,70.333
5649,1,0,2560,68.067
5650,1,1,2560,64.45
5651,1,1,3160,63.833
5652,0,3,2710,56.733
5653,1,1,2960,70.833
5654,1,1,3160,86.7
5655,1,0,2760,60.4
5656,1,2,4160,62.65
5657,1,2,3360,64.3
5658,1,2,2960,62.35
5659,1,0,3360,71.233
5660,1,1,3160,63.85
5661,1,2,2560,66.167
5662,1,2,2760,73.683
5663,1,2,2960,64.683
5664,1,1,2560,69.4
5665,1,2,3160,71.417
5666,1,2,2760,71.983
5667,1,1,3760,57.717
5668,1,0,3360,60.583
5669,1,1,3160,71.317
5670,1,1,2760,65.2
5671,1,1,2960,64.383
5672,1,1,3160,73.95
5673,1,1,3160,61.483
5674,1,1,2960,72.4
5675,1,1,2560,63.283
5676,1,1,2560,71.5
5677,1,0,2760,72.083
5678,0,3,3150,85.767
5679,0,3,2980,66.633
5680,1,1,3160,67.233
5681,1,0,2760,66.567
5682,0,3,2580,73.083
5683,0,3,3060,81.883
5684,1,0,3360,73.417
5685,0,3,2290,51.733
5686,0,3,2720,58.4
5687,1,1,3160,68.317
5688,1,2,2960,70.0
5689,1,2,2760,71.6
5690,1,1,2960,65.5
5691,1,2,3360,64.667
5692,1,0,2960,70.4
5693,1,0,2960,60.567
5694,1,2,3160,76.833
5695,1,1,2560,60.783
5696,1,1,2760,65.817
5697,0,3,2870,67.033
5698,1,1,2760,63.067
5699,1,2,3560,65.3
5700,1,0,2760,61.733
5701,1,1,2760,78.733
5702,1,2,2760,71.65
5703,0,3,3140,71.917
5704,1,1,2960,87.0
5705,1,1,2760,66.317
5706,1,2,2760,65.683
5707,1,0,3360,71.233
5708,1,0,2960,61.067
5709,1,0,3160,61.9
5710,1,1,3160,72.167
5711,1,0,2960,61.233
5712,1,0,2960,69.233
5713,1,2,2960,68.683
5714,1,1,2960,65.683
5715,1,1,2760,70.5
5716,1,0,2960,67.233
5717,0,3,2950,75.567
5718,1,0,2960,73.75
5719,1,2,2960,72.35
5720,1,1,3160,82.2
5721,1,0,2760,61.4
5722,1,2,2960,60.6
5723,1,1,3160,67.45
5724,1,2,2760,74.75
5725,1,2,2760,69.45
5726,1,1,3160,66.867
5727,1,2,2960,67.733
5728,1,0,3560,61.9
5729,1,2,3160,62.517
5730,1,1,2560,67.0
5731,0,3,2450,60.5
5732,1,1,3360,60.217
5733,1,2,2760,68.017
5734,1,2,3760,69.367
5735,1,0,3160,55.4
5736,1,1,3560,81.05
5737,1,2,3160,75.867
5738,1,1,2960,73.633
5739,1,1,2760,66.45
5740,1,2,2760,63.083
5741,1,1,3160,67.733
5742,1,1,2960,69.383
5743,1,0,2760,75.4
5744,1,0,3160,67.75
5745,1,1,2960,68.833
5746,0,3,2870,59.4
5747,1,2,2560,69.017
5748,1,1,2960,65.433
5749,1,1,3360,76.833
5750,0,3,2280,59.083
5751,1,2,3560,72.35
5752,1,1,2960,75.433
5753,1,0,2560,69.4
5754,1,1,3160,83.4
5755,1,1,2760,84.85
5756,1,2,2760,79.017
5757,1,2,3160,87.517
5758,1,1,2960,67.0
5759,0,3,2350,43.733
5760,1,1,2760,64.167
5761,0,3,2750,67.017
5762,0,3,2890,61.15
5763,0,3,2680,58.0
5764,1,1,3160,61.717
5765,1,2,2760,63.317
5766,1,1,3160,64.033
5767,1,0,3360,72.733
5768,1,1,2960,62.583
5769,0,3,2940,74.3
5770,0,3,2650,60.45
5771,1,0,2960,72.9
5772,1,2,2960,76.967
5773,1,1,3760,59.817
5774,1,2,2560,58.233
5775,1,1,2760,58.167
5776,1,0,3360,76.9
5777,0,3,3530,62.867
5778,0,3,2710,74.517
5779,0,3,2720,54.1
5780,1,1,2960,79.7
5781,1,1,2960,66.3
5782,1,2,2760,68.767
5783,0,3,2590,78.95
5784,1,2,2960,74.3
5785,1,1,2960,81.633
5786,1,1,2710,74.167
5787,1,2,2760,81.2
5788,1,2,2760,71.917
5789,1,2,3360,66.917
5790,1,0,3360,67.067
5791,1,0,2760,67.4
5792,1,2,2760,72.7
5793,1,2,3160,75.5
5794,1,1,3360,69.1
5795,1,2,2960,78.933
5796,1,1,2760,72.05
5797,1,2,2960,77.333
5798,0,3,3130,70.217
5799,1,1,2760,72.817
5800,0,3,2740,56.217
5801,1,1,3160,72.45
5802,1,2,2760,77.817
5803,1,0,2760,62.4
5804,1,1,3160,73.017
5805,1,1,2760,70.717
5806,1,1,2960,68.05
5807,1,1,2960,71.433
5808,1,1,2760,63.6
5809,1,1,3560,66.483
5810,1,2,3160,60.8
5811,1,1,2760,65.2
5812,1,2,2760,63.683
5813,1,1,2560,61.45
5814,1,0,3360,59.067
5815,1,1,2560,74.217
5816,0,3,3750,81.667
5817,1,2,2960,75.05
5818,1,2,3160,78.933
5819,0,3,2490,60.183
5820,1,2,2760,65.183
5821,1,2,3560,78.433
5822,1,1,3160,66.983
5823,1,2,2760,80.183
5824,1,1,2560,74.183
5825,1,2,3160,70.233
5826,1,1,2960,63.067
5827,1,2,2760,66.3
5828,1,2,2960,65.35
5829,1,0,3360,62.4
5830,1,0,2760,59.733
5831,1,2,2760,69.15
5832,1,1,3760,66.383
5833,1,1,2960,62.533
5834,1,1,3160,70.833
5835,1,1,3160,62.817
5836,1,2,2960,79.883
5837,0,3,2690,70.2
5838,1,2,2960,68.9
5839,1,0,2760,69.75
5840,1,1,2560,77.033
5841,0,3,2910,60.75
5842,1,1,2960,57.333
5843,1,1,2960,67.0
5844,1,2,2760,58.833
5845,1,2,2760,65.35
5846,1,2,2760,70.733
5847,1,1,2960,68.55
5848,1,1,2560,67.567
5849,1,0,3160,60.583
5850,1,1,2960,71.867
5851,1,2,2960,65.067
5852,1,1,2760,65.333
5853,1,1,2760,65.283
5854,1,1,3160,58.95
5855,1,1,2760,63.683
5856,1,2,3160,71.35
5857,1,1,3160,73.717
5858,1,2,3560,81.05
5859,1,2,3160,84.15
5860,1,2,3160,59.3
5861,1,0,2760,66.067
5862,1,1,3160,63.067
5863,0,3,2530,48.733
5864,1,1,2960,81.567
5865,1,0,2560,74.067
5866,1,1,2560,75.683
5867,0,3,3040,87.383
5868,1,1,2960,68.667
5869,1,2,2760,61.933
5870,1,1,3360,67.683
5871,1,1,2560,60.383
5872,1,2,3560,82.933
5873,1,2,2560,74.2
5874,1,2,2710,66.417
5875,1,1,2960,77.05
5876,1,1,2560,73.7
5877,1,2,3160,80.083
5878,1,2,2760,83.683
5879,1,0,2960,61.4
5880,1,0,2960,56.733
5881,1,0,2760,63.917
5882,1,2,3360,67.383
5883,1,1,3160,63.05
5884,1,1,3360,59.2
5885,1,2,3160,71.367
5886,1,1,2960,68.733
5887,1,0,2760,67.567
5888,1,2,2960,83.867
5889,1,1,2560,71.367
5890,1,1,2560,76.067
5891,1,1,2560,62.7
5892,1,1,3160,62.15
5893,1,2,3160,73.967
5894,0,3,3150,65.9
5895,1,2,2760,61.517
5896,0,3,2650,62.183
5897,1,1,3560,68.233
5898,1,2,2710,72.367
5899,1,1,2960,74.767
5900,1,1,3160,67.2
5901,1,2,2960,66.533
5902,1,1,2560,62.85
5903,1,1,3160,63.383
5904,1,1,3760,71.267
5905,1,0,3160,68.4
5906,0,3,2920,62.0
5907,1,1,2960,62.783
5908,1,1,2760,62.167
5909,1,1,2960,72.2
5910,1,2,2760,65.833
5911,1,1,2960,66.617
5912,0,1,1940,1666.667
5913,1,1,2960,73.15
5914,1,0,2960,68.4
5915,1,1,2960,61.733
5916,0,3,3300,63.6
5917,1,2,3360,81.75
5918,1,1,2960,63.333
5919,1,1,2960,76.667
5920,1,2,3160,66.183
5921,1,0,3560,74.733
5922,0,3,2380,49.733
5923,1,2,3160,74.1
5924,1,2,2560,74.45
5925,1,0,2760,66.4
5926,1,2,3160,83.35
5927,1,0,2560,64.917
5928,1,1,2760,59.183
5929,1,1,2960,73.483
5930,1,0,3360,67.917
5931,1,2,2960,66.3
5932,1,1,2960,68.65
5933,1,0,3160,71.067
5934,1,1,2960,70.2
5935,1,2,3160,61.467
5936,0,3,2370,59.367
5937,1,1,3160,72.333
5938,1,1,2960,78.217
5939,1,1,2960,61.667
5940,0,3,2750,77.233
5941,1,2,2760,74.917
5942,1,1,3160,69.45
5943,1,0,3160,64.567
5944,1,2,2760,62.75
5945,1,2,2960,75.733
5946,1,2,2760,69.633
5947,1,0,3360,68.067
5948,1,2,3160,71.567
5949,1,1,2960,67.05
5950,1,2,2560,69.633
5951,1,0,3360,59.567
5952,1,1,2560,58.383
5953,1,2,3560,73.45
5954,0,3,2280,66.5
5955,1,0,3560,79.233
5956,1,1,3160,84.167
5957,1,0,2960,64.733
5958,1,2,3160,86.333
5959,1,2,3360,70.283
5960,1,2,2760,69.033
5961,1,1,3560,65.433
5962,1,1,3160,70.067
5963,1,1,3160,70.333
5964,1,1,3360,68.383
5965,1,1,2960,85.383
5966,1,2,2760,86.333
5967,1,1,2560,67.7
5968,1,1,2960,58.217
5969,1,0,3160,71.9
5970,1,0,3160,67.567
5971,1,1,3160,70.383
5972,1,2,3160,66.183
5973,1,2,2710,64.083
5974,1,1,2760,75.033
5975,1,0,3360,63.4
5976,1,2,2560,65.317
5977,1,0,2960,60.733
5978,1,2,2760,73.167
5979,1,2,3160,68.25
5980,1,2,2760,69.683
5981,1,1,2960,62.9
5982,1,1,2760,63.383
5983,0,3,2710,66.017
5984,1,2,2760,85.417
5985,1,1,3360,59.633
5986,1,1,3360,78.35
5987,1,0,3560,74.25
5988,0,3,2370,51.917
5989,1,1,3160,70.5
5990,1,2,3160,59.217
5991,1,2,3360,68.483
5992,1,1,2960,61.45
5993,1,1,3160,66.05
5994,1,1,3160,78.05
5995,1,2,2960,70.783
5996,1,1,3160,78.333
5997,1,2,3160,85.75
5998,1,1,2760,70.383
5999,1,2,2960,69.417
6000,1,1,3160,69.733
6001,1,1,3760,74.467
6002,1,2,3360,74.5
6003,0,3,2690,63.1
6004,1,1,2760,58.733
6005,1,1,2960,71.35
6006,1,2,3160,71.8
6007,1,1,3160,64.383
6008,1,2,2760,67.7
6009,1,0,3560,71.917
6010,1,1,2760,63.217
6011,1,2,2760,71.733
6012,1,2,2760,76.567
6013,1,2,2760,68.0
6014,1,1,3360,64.5
6015,1,2,2760,70.233
6016,1,2,3160,68.0
6017,1,0,3360,70.4
6018,1,2,2560,72.317
6019,0,3,2430,54.517
6020,0,3,1930,50.8
6021,1,0,2960,59.25
6022,0,3,2100,47.25
6023,0,3,2950,66.883
6024,1,0,3160,75.083
6025,1,2,2760,66.117
6026,1,0,3560,72.25
6027,1,1,2960,71.667
6028,1,2,2960,69.817
6029,1,1,3360,59.75
6030,1,2,3160,67.2
6031,1,1,2960,68.033
6032,1,1,2560,53.683
6033,1,2,2760,74.417
6034,1,2,2960,79.183
6035,1,1,3160,67.033
6036,1,1,2760,66.35
6037,1,2,2760,71.917
6038,0,3,3150,68.633
6039,1,0,2960,73.583
6040,0,3,2800,71.033
6041,1,0,3760,69.567
6042,1,0,3160,71.9
6043,1,1,2560,74.533
6044,1,1,2960,79.333
6045,1,1,2510,61.667
6046,1,1,3160,80.3
6047,1,1,3560,68.483
6048,1,1,2960,64.133
6049,1,1,2760,72.5
6050,0,3,2780,65.333
6051,1,1,2560,66.4
6052,1,2,2960,59.467
6053,1,2,2760,73.967
6054,1,2,2960,64.267
6055,1,0,2960,58.4
6056,1,1,3960,77.283
6057,1,1,2560,65.5
6058,1,2,2960,61.767
6059,1,2,3160,70.417
6060,1,0,2560,61.25
6061,1,0,2960,68.733
6062,1,2,3360,71.017
6063,1,2,3160,67.483
6064,1,1,2960,70.95
6065,1,1,3360,61.233
6066,0,3,2560,54.133
6067,1,2,2760,69.767
6068,1,1,2960,80.85
6069,1,2,2760,73.017
6070,1,1,2760,64.217
6071,1,2,3360,70.55
6072,1,2,2760,71.8
6073,1,1,3160,60.283
6074,1,0,3160,67.067
6075,1,2,2760,70.833
6076,1,0,3360,64.767
6077,1,2,2960,71.517
6078,1,1,2760,67.017
6079,1,0,2960,61.733
6080,1,1,3560,76.217
6081,1,2,2760,72.667
6082,1,2,2960,86.067
6083,1,1,2960,67.467
6084,1,0,2960,59.233
6085,1,1,2960,73.667
6086,1,0,2960,67.4
6087,1,2,2710,67.983
6088,1,0,2960,62.583
6089,1,2,2760,70.817
6090,1,1,2960,80.883
6091,1,1,2760,73.467
6092,1,1,3160,83.533
6093,0,3,2870,66.967
6094,1,1,2560,74.583
6095,1,1,2960,75.4
6096,0,3,2300,42.683
6097,1,2,2760,67.5
6098,1,2,2960,68.2
6099,1,1,2760,77.017
6100,1,2,2510,66.517
6101,1,0,3160,73.733
6102,0,3,2910,75.917
6103,1,0,3560,61.4
6104,1,2,2960,61.783
6105,1,2,2960,69.9
6106,0,3,2740,77.2
6107,1,1,3160,69.067
6108,0,3,2740,73.55
6109,1,1,2560,59.7
6110,1,2,2760,68.133
6111,1,2,2960,69.717
6112,1,2,2560,73.617
6113,1,2,3160,67.183
6114,1,2,2760,75.55
6115,1,0,2760,64.4
6116,1,0,2960,81.417
6117,1,1,2760,72.167
6118,1,2,2760,71.733
6119,1,0,2960,65.067
6120,1,0,2560,76.75
6121,1,0,3160,76.067
6122,1,0,2960,76.067
6123,0,3,2880,69.2
6124,1,2,3160,66.55
6125,1,1,3360,72.2
6126,1,0,2760,62.4
6127,1,1,3160,74.05
6128,0,3,3120,84.017
6129,1,0,2960,71.583
6130,1,2,2760,65.017
6131,1,2,2560,81.917
6132,1,1,3360,71.017
6133,1,2,2960,71.35
6134,1,2,2560,65.5
6135,1,2,3160,61.467
6136,1,1,3160,64.2
6137,1,0,2960,70.733
6138,1,1,2760,71.6
6139,1,1,3160,72.8
6140,1,1,2960,65.867
6141,1,0,3160,66.733
6142,1,2,3160,79.167
6143,1,1,2760,66.333
6144,1,1,3160,73.2
6145,1,1,2760,76.55
6146,1,1,3160,62.167
6147,1,1,3160,62.2
6148,1,1,2760,66.4
6149,1,2,2760,75.767
6150,0,3,2280,66.45
6151,0,3,3290,74.5
6152,1,2,2760,75.167
6153,1,0,2760,63.4
6154,1,1,2960,73.65
6155,1,0,3560,68.25
6156,1,0,3560,71.25
6157,1,1,2760,65.083
6158,0,3,3010,65.483
6159,1,1,2960,56.533
6160,1,1,2960,76.367
6161,1,0,2910,57.567
6162,1,1,3960,75.283
6163,1,2,2760,62.717
6164,1,2,2760,61.583
6165,1,2,3160,68.65
6166,0,3,2550,47.533
6167,1,1,2960,75.5
6168,1,1,3360,67.283
6169,1,1,2760,70.033
6170,1,1,3360,62.217
6171,1,1,2560,59.717
6172,1,1,3160,81.533
6173,1,1,2960,75.217
6174,1,1,2560,67.35
6175,1,0,2960,71.433
6176,1,0,2760,63.9
6177,1,2,3560,70.483
6178,1,2,2710,63.333
6179,1,1,2960,82.533
6180,1,1,2960,66.533
6181,1,2,3160,67.667
6182,1,1,2760,60.417
6183,1,1,2560,64.067
6184,1,1,2560,69.283
6185,1,2,2760,66.633
6186,1,1,3360,65.833
6187,1,1,2960,60.55
6188,1,1,3160,70.7
6189,1,2,2960,76.833
6190,1,0,2760,80.083
6191,1,1,2960,67.217
6192,0,3,2710,68.683
6193,1,1,2760,67.85
6194,1,2,2760,60.317
6195,1,2,2560,75.75
6196,1,0,3360,58.567
6197,1,2,2560,61.717
6198,1,2,3160,71.567
6199,1,0,2760,84.25
6200,1,1,3360,61.283
6201,1,1,3360,64.633
6202,1,0,2960,57.733
6203,1,1,2760,64.417
6204,1,1,2560,65.817
6205,1,1,3160,66.667
6206,1,2,2760,65.633
6207,1,1,3360,69.133
6208,1,1,2960,67.567
6209,1,1,2760,69.317
6210,1,1,3160,67.483
6211,1,0,2960,74.4
6212,1,2,2960,75.95
6213,1,0,3160,61.067
6214,1,1,2760,84.25
6215,1,1,3160,61.933
6216,1,2,2760,78.35
6217,1,1,2960,67.933
6218,1,0,3160,60.567
6219,1,2,2760,74.483
6220,1,2,2560,74.8
6221,1,0,3160,66.9
6222,1,1,2760,69.683
6223,1,1,3760,83.533
6224,1,0,2760,60.583
6225,1,1,3160,78.167
6226,1,1,2960,65.083
6227,1,0,3160,66.917
6228,1,1,2760,61.333
6229,1,1,3160,66.3
6230,1,1,3360,66.333
6231,1,2,3160,63.033
6232,1,1,3360,63.167
6233,1,1,3360,64.35
6234,0,3,2940,71.5
6235,1,2,3160,60.817
6236,1,0,3160,71.25
6237,1,2,2560,67.5
6238,1,1,2760,67.833
6239,1,2,2960,65.333
6240,1,1,2560,62.867
6241,1,1,2960,72.717
6242,1,2,3160,91.417
6243,0,3,2380,54.217
6244,0,3,2120,44.433
6245,1,1,2960,61.067
6246,1,1,2760,66.717
6247,1,2,2960,79.167
6248,1,0,3160,67.733
6249,1,1,2960,67.167
6250,0,3,2740,74.683
6251,1,2,2760,77.217
6252,1,1,3560,70.45
6253,1,2,2560,61.317
6254,1,1,2760,71.417
6255,1,1,3360,74.367
6256,1,1,3360,65.767
6257,1,1,3160,71.333
6258,1,1,2960,67.083
6259,1,2,3160,68.3
6260,1,0,2960,61.4
6261,1,2,3160,80.517
6262,1,2,3160,76.583
6263,1,2,3760,70.383
6264,1,2,2960,71.9
6265,1,0,3160,68.083
6266,0,3,2750,76.467
6267,1,1,3360,76.067
6268,1,2,2960,74.433
6269,1,1,3360,55.217
6270,1,1,2960,64.617
6271,1,1,3160,61.167
6272,1,1,2960,68.667
6273,1,1,2760,68.733
6274,1,1,3360,75.233
6275,1,1,2760,61.35
6276,1,2,2760,72.983
6277,1,0,3360,66.917
6278,1,2,3360,82.55
6279,1,1,2760,77.35
6280,1,1,2960,67.7
6281,1,1,2760,67.05
6282,1,1,3560,69.617
6283,1,2,2760,73.067
6284,1,1,2760,68.817
6285,1,0,2560,65.067
6286,1,1,2960,63.4
6287,1,2,3160,65.983
6288,1,1,3360,58.083
6289,0,3,2480,55.55
6290,1,2,2960,67.95
6291,1,2,2560,77.6
6292,1,0,2960,76.917
6293,1,1,2760,63.033
6294,0,3,3540,71.85
6295,1,1,2760,59.083
6296,1,1,2960,69.733
6297,1,2,3360,71.867
6298,0,3,2540,56.267
6299,1,1,3160,67.817
6300,1,0,2960,68.417
6301,1,1,3160,60.767
6302,1,1,2960,60.717
6303,1,2,2760,74.533
6304,1,1,3160,71.333
6305,1,1,3560,69.033
6306,1,0,2760,54.4
6307,1,1,2960,64.867
6308,1,1,2760,63.217
6309,1,1,3160,67.033
6310,1,2,3160,80.533
6311,1,0,2560,67.4
6312,1,2,2960,75.8
6313,1,2,2960,70.083
6314,0,3,2950,61.833
6315,1,0,2760,62.75
6316,1,2,2760,73.517
6317,1,0,2760,74.067
6318,1,0,2960,61.733
6319,1,0,2960,61.067
6320,1,1,2960,57.5
6321,1,1,2960,60.5
6322,1,1,2960,65.15
6323,1,0,2960,70.083
6324,1,1,2560,67.15
6325,1,2,3360,72.267
6326,1,0,2960,65.567
6327,1,1,3360,65.167
6328,1,0,2560,64.917
6329,1,1,3160,60.167
6330,1,2,2760,70.3
6331,1,1,2760,67.633
6332,1,1,3360,71.317
6333,1,2,2960,76.933
6334,0,3,2950,76.217
6335,1,1,3560,65.35
6336,1,2,2960,75.633
6337,1,1,2760,73.767
6338,1,1,2960,63.117
6339,1,0,2960,61.067
6340,1,1,2760,65.15
6341,1,1,3760,67.383
6342,1,1,3160,54.85
6343,1,2,2760,70.45
6344,1,1,2960,67.5
6345,1,1,2560,68.333
6346,1,2,2960,82.517
6347,1,0,3560,78.733
6348,1,2,3360,74.35
6349,1,1,3560,66.5
6350,1,0,2960,68.083
6351,1,2,2960,82.45
6352,1,0,2960,71.567
6353,1,1,2760,62.333
6354,1,1,3160,66.467
6355,0,3,2500,58.317
6356,1,1,2760,56.2
6357,1,0,3160,76.067
6358,1,1,3360,68.833
6359,1,1,2960,61.467
6360,1,2,2760,59.067
6361,1,1,3160,74.883
6362,0,3,2540,59.533
6363,1,1,3160,66.85
6364,1,2,2560,72.533
6365,1,1,3360,84.05
6366,1,1,2760,72.85
6367,1,1,2760,72.85
6368,1,1,2960,64.033
6369,1,1,3160,70.533
6370,1,0,3360,63.583
6371,1,1,3560,64.033
6372,1,1,2760,68.083
6373,1,2,2560,76.8
6374,1,2,3760,70.7
6375,1,1,2760,61.367
6376,1,1,3360,62.0
6377,1,1,2960,58.967
6378,0,3,2550,68.733
6379,1,2,2960,74.133
6380,0,3,3350,64.9
6381,0,3,2380,59.017
6382,1,2,3560,70.95
6383,1,0,2760,57.583
6384,1,2,2960,62.683
6385,0,3,2340,61.117
6386,1,1,2560,66.0
6387,1,1,2960,62.2
6388,1,1,2960,61.4
6389,1,0,2560,56.067
6390,1,1,2760,75.2
6391,1,2,2960,78.5
6392,1,0,2760,57.733
6393,1,1,2760,61.7
6394,1,1,3160,74.567
6395,1,1,2760,71.533
6396,1,1,3560,75.833
6397,1,2,2960,72.067
6398,1,1,3560,67.15
6399,0,3,2880,58.75
6400,1,1,2760,70.667
6401,1,1,2760,58.683
6402,1,0,2760,66.583
6403,1,2,2960,80.617
6404,1,2,3360,66.983
6405,1,1,2560,72.617
6406,1,0,2760,68.733
6407,1,0,2760,61.233
6408,1,0,3360,56.233
6409,1,1,2760,63.2
6410,1,1,2560,72.217
6411,1,2,3160,79.783
6412,1,1,3160,58.717
6413,1,2,2760,57.767
6414,1,0,3360,61.433
6415,1,1,3760,68.5
6416,1,0,2760,81.233
6417,1,1,2960,73.35
6418,1,2,2960,65.767
6419,1,1,2960,64.333
6420,0,3,2690,66.85
6421,1,2,3160,74.083
6422,1,1,3560,81.7
6423,1,1,2960,68.867
6424,1,1,2760,66.5
6425,1,2,2760,76.15
6426,1,2,2510,61.05
6427,1,0,3560,60.733
6428,0,3,2670,61.417
6429,1,2,2760,87.2
6430,1,1,2560,61.817
6431,1,1,3160,57.217
6432,1,1,2960,57.333
6433,1,1,2960,61.9
6434,1,0,2760,66.4
6435,1,1,2960,67.383
6436,1,2,2760,68.3
6437,1,1,3360,70.917
6438,1,0,2560,67.067
6439,1,0,2760,79.25
6440,1,1,2760,74.717
6441,1,2,2560,62.8
6442,0,3,3320,72.9
6443,1,2,2760,69.0
6444,1,2,2760,66.2
6445,1,1,2760,58.717
6446,1,1,2560,60.833
6447,1,1,3760,63.117
6448,0,3,2020,44.567
6449,1,2,2960,82.45
6450,1,0,3560,60.4
6451,0,3,3310,60.4
6452,0,3,2650,59.333
6453,1,1,2960,80.7
6454,1,1,2760,72.867
6455,1,2,2960,68.583
6456,1,1,2560,63.217
6457,1,1,2760,58.667
6458,1,1,3160,71.033
6459,1,1,2760,68.533
6460,1,1,2760,63.867
6461,1,0,2760,59.917
6462,1,0,3160,59.733
6463,1,2,2760,75.8
6464,1,2,2760,56.733
6465,1,1,2960,68.133
6466,1,1,2960,67.983
6467,1,0,2760,64.583
6468,1,1,2960,74.817
6469,1,1,2960,71.7
6470,1,1,3360,68.333
6471,1,2,3360,78.967
6472,1,1,2960,70.267
6473,1,1,2760,57.367
6474,1,2,2960,68.083
6475,1,0,3160,63.9
6476,1,0,2760,61.25
6477,1,1,2760,62.2
6478,1,2,2710,75.8
6479,1,1,2760,66.017
6480,0,3,3020,61.583
6481,1,2,3160,60.733
6482,1,2,2760,74.05
6483,0,3,2690,74.883
6484,1,2,2760,75.167
6485,1,2,3160,66.9
6486,1,1,2960,68.667
6487,1,2,3360,71.333
6488,1,1,2760,65.383
6489,0,3,2240,56.667
6490,1,1,3560,67.383
6491,1,2,2760,70.133
6492,1,1,2960,72.017
6493,1,1,2960,71.067
6494,1,0,2960,69.4
6495,1,1,3560,64.217
6496,1,1,2960,76.383
6497,1,1,2760,60.167
6498,1,1,3160,63.567
6499,1,2,3560,66.85
6500,1,1,3160,66.883
6501,1,1,2760,58.117
6502,1,1,2960,68.883
6503,0,3,3350,63.767
6504,0,3,2620,62.217
6505,0,3,2950,73.8
6506,1,2,3560,78.9
6507,1,1,2760,66.233
6508,1,1,3160,71.433
6509,1,2,2960,70.033
6510,1,2,2560,71.183
6511,1,1,2760,61.133
6512,1,1,2760,76.7
6513,1,2,3560,79.6
6514,1,1,2760,76.017
6515,1,1,2760,71.5
6516,1,0,2760,62.4
6517,1,1,2760,69.433
6518,1,1,2760,63.217
6519,1,2,2960,74.117
6520,1,2,2560,66.95
6521,1,0,2960,66.567
6522,1,1,2560,63.15
6523,0,3,2260,63.95
6524,1,1,2960,74.317
6525,1,2,2760,74.483
6526,1,1,2960,76.95
6527,1,2,2560,73.333
6528,1,2,2710,72.867
6529,1,0,3160,60.733
6530,1,0,2960,60.25
6531,1,1,2960,65.617
6532,1,1,3360,69.283
6533,1,1,2960,72.0
6534,1,1,3160,65.983
6535,1,2,2960,76.417
6536,0,3,2220,57.75
6537,1,1,2960,77.867
6538,1,2,3160,83.05
6539,1,1,3160,69.667
6540,1,2,2760,74.333
6541,1,2,2960,73.583
6542,0,3,2450,64.217
6543,1,0,3360,60.9
6544,1,1,2760,69.683
6545,1,0,3360,67.067
6546,1,0,2760,58.4
6547,1,1,2960,64.417
6548,1,2,3160,65.983
6549,1,0,2960,66.25
6550,0,3,2740,62.55
6551,1,1,2760,83.033
6552,1,2,2560,73.933
6553,1,2,2960,79.983
6554,0,3,3140,70.883
6555,1,2,2560,63.817
6556,1,1,3160,58.883
6557,1,2,3360,68.2
6558,1,0,3560,73.9
6559,1,2,2960,78.667
6560,1,0,3160,63.4
6561,1,1,3360,68.45
6562,1,1,2960,69.383
6563,1,1,2960,65.35
6564,0,3,2740,69.883
6565,1,2,2760,65.133
6566,1,1,2960,78.867
6567,1,1,3160,64.083
6568,1,0,2760,64.917
6569,1,2,2960,71.667
6570,1,2,2560,57.75
6571,1,0,2960,64.4
6572,1,2,2960,70.867
6573,1,1,2960,65.05
6574,1,1,2960,59.183
6575,1,2,2760,78.183
6576,0,3,2610,60.867
6577,1,1,3760,85.75
6578,1,1,2960,70.383
6579,1,1,2960,67.333
6580,1,2,2960,79.633
6581,1,1,2710,83.133
6582,1,2,2760,71.667
6583,1,1,3160,66.25
6584,1,1,2760,58.967
6585,1,1,3360,62.667
6586,1,1,2760,78.383
6587,1,2,2560,64.183
6588,1,2,3360,77.417
6589,1,0,3160,61.25
6590,1,2,2910,63.617
6591,1,1,3160,61.533
6592,1,2,2760,75.217
6593,1,1,3160,65.95
6594,0,3,2480,57.533
6595,1,1,3160,75.167
6596,1,2,2960,68.1
6597,1,1,2560,62.717
6598,1,0,3160,70.067
6599,1,1,2960,74.7
6600,1,2,3160,84.617
6601,1,1,2760,59.517
6602,1,0,2960,66.067
6603,1,1,3360,79.217
6604,1,1,2760,64.9
6605,1,2,2960,67.433
6606,1,0,3560,62.067
6607,1,0,2510,68.4
6608,1,1,3160,61.733
6609,1,2,2960,57.267
6610,1,1,2960,66.0
6611,1,1,2760,62.817
6612,1,2,2960,76.733
6613,1,0,2960,57.917
6614,1,2,3360,91.0
6615,1,1,2760,61.9
6616,1,0,2760,58.4
6617,1,1,3160,75.433
6618,1,1,2960,64.7
6619,0,3,2280,65.7
6620,1,1,2960,70.75
6621,1,2,2760,58.3
6622,0,3,2740,65.867
6623,1,2,2960,73.883
6624,1,1,2960,57.833
6625,1,0,3160,61.917
6626,1,0,2960,62.4
6627,1,2,2760,77.783
6628,1,1,3160,89.817
6629,1,0,2560,67.083
6630,1,0,2760,68.9
6631,1,1,2760,69.467
6632,1,1,2960,69.433
6633,1,2,2760,62.817
6634,1,0,2760,58.4
6635,1,0,3360,60.767
6636,0,3,2950,66.983
6637,1,0,3360,67.767
6638,1,2,3160,88.367
6639,1,2,2960,69.733
6640,1,0,2760,60.917
6641,1,0,2560,65.417
6642,1,1,3360,74.583
6643,1,1,3160,68.883
6644,1,1,2960,84.383
6645,1,2,2960,70.15
6646,1,2,2760,79.25
6647,1,2,2760,65.033
6648,1,1,2760,69.25
6649,1,2,2560,76.45
6650,1,2,3360,69.683
6651,1,0,2960,74.083
6652,1,2,2760,78.2
6653,1,1,2960,76.733
6654,1,0,3160,61.917
6655,1,1,2760,69.55
6656,1,2,2960,70.833
6657,1,1,2760,64.283
6658,1,2,2910,73.033
6659,1,1,2960,62.0
6660,1,1,3360,69.533
6661,1,1,2960,67.283
6662,0,3,2790,66.367
6663,1,1,2960,75.65
6664,1,2,2560,75.117
6665,0,3,2580,64.783
6666,1,2,2960,77.417
6667,1,1,2760,63.233
6668,1,0,3160,65.4
6669,1,2,3110,78.217
6670,1,0,2960,63.4
6671,1,1,3360,68.85
6672,1,1,3560,71.633
6673,1,1,3160,63.667
6674,1,0,2960,61.583
6675,1,0,2760,58.733
6676,1,1,2760,68.833
6677,1,2,3360,78.617
6678,1,0,2510,67.083
6679,1,2,3160,62.85
6680,1,1,3160,81.717
6681,1,1,3360,62.617
6682,0,3,2830,56.583
6683,1,2,2760,70.2
6684,0,3,2740,68.517
6685,1,2,2960,70.45
6686,1,0,3560,63.417
6687,1,0,3160,73.583
6688,1,1,2960,68.783
6689,0,3,3030,65.967
6690,1,1,2760,65.717
6691,1,2,3360,71.933
6692,1,0,3360,64.067
6693,1,2,2760,66.467
6694,1,1,2960,60.7
6695,1,1,3160,70.433
6696,1,2,3360,76.233
6697,1,1,2760,71.55
6698,1,1,2960,70.867
6699,0,3,2480,60.183
6700,1,1,3360,70.783
6701,1,2,2760,64.267
6702,1,2,3560,74.767
6703,1,0,3360,72.9
6704,1,0,3760,73.4
6705,1,0,3160,66.4
6706,1,2,2760,74.883
6707,1,1,2760,66.917
6708,1,2,2760,64.85
6709,1,1,3160,82.9
6710,1,1,2560,71.667
6711,1,2,2760,57.667
6712,1,2,3360,65.85
6713,1,0,3360,56.4
6714,1,1,2760,68.033
6715,1,1,2960,73.55
6716,1,0,2760,57.067
6717,1,0,3760,69.4
6718,1,1,2760,71.367
6719,0,3,2740,75.017
6720,1,0,3160,58.25
6721,1,1,3360,78.783
6722,0,3,2950,67.967
6723,1,1,2760,59.733
6724,1,1,2760,66.067
6725,1,2,2560,74.0
6726,1,0,2960,62.583
6727,1,2,2960,73.733
6728,1,2,2960,74.267
6729,1,1,2560,75.067
6730,1,1,3160,80.9
6731,0,3,3110,63.717
6732,0,3,2750,66.267
6733,1,2,2710,63.45
6734,1,1,2960,76.583
6735,1,2,2960,76.0
6736,1,1,3160,60.467
6737,1,2,2960,73.417
6738,1,1,3360,64.5
6739,1,2,2960,65.3
6740,1,2,2760,72.133
6741,1,2,2960,70.85
6742,1,1,3160,71.617
6743,1,2,2960,70.867
6744,1,2,2960,74.617
6745,1,2,2960,74.6
6746,1,0,3360,67.067
6747,1,2,2760,85.45
6748,1,2,2960,73.367
6749,1,2,3360,80.433
6750,1,1,2960,71.9
6751,1,1,2960,64.217
6752,1,2,2760,68.967
6753,1,2,3760,74.083
6754,1,2,2960,59.833
6755,1,1,3360,61.7
6756,1,1,2960,66.467
6757,1,1,2760,66.433
6758,1,1,3360,64.367
6759,1,1,3560,65.217
6760,1,1,2960,64.717
6761,1,2,2760,68.85
6762,1,1,2960,63.2
6763,1,0,2960,73.417
6764,1,2,2760,65.967
6765,1,2,2760,77.85
6766,1,2,2960,63.533
6767,1,1,3160,70.767
6768,1,1,2960,70.617
6769,1,2,2960,72.6
6770,1,2,2560,72.517
6771,1,1,2760,78.2
6772,1,1,3360,85.733
6773,1,2,2960,81.833
6774,1,1,2560,68.567
6775,1,2,3360,80.6
6776,1,2,2960,64.383
6777,1,2,2960,72.75
6778,1,2,3160,70.433
6779,1,1,2560,65.0
6780,1,0,3360,70.4
6781,0,3,2840,59.65
6782,1,1,2760,70.383
6783,1,1,2760,76.817
6784,1,1,3160,77.5
6785,1,2,2960,63.683
6786,0,3,2740,59.55
6787,1,1,3360,71.567
6788,1,1,3160,90.917
6789,1,1,2760,66.05
6790,1,2,2960,70.133
6791,1,1,2960,72.333
6792,1,2,2760,62.8
6793,1,1,2760,66.333
6794,1,1,2560,68.217
6795,1,0,2960,75.067
6796,1,1,3160,64.833
6797,1,1,2760,68.35
6798,1,2,2960,68.583
6799,1,1,3160,67.367
6800,1,2,2960,63.85
6801,1,0,3360,69.9
6802,1,1,2960,69.55
6803,1,2,3160,74.45
6804,1,1,3360,58.75
6805,0,3,2390,54.767
6806,1,1,2960,61.217
6807,0,3,2670,65.0
6808,1,1,2560,77.367
6809,1,0,2560,64.917
6810,1,1,2760,65.433
6811,0,3,3230,68.65
6812,1,2,2460,62.7
6813,1,2,2760,70.633
6814,0,3,2670,57.917
6815,1,0,2760,65.9
6816,1,1,3160,69.217
6817,0,3,2570,55.767
6818,1,0,3360,65.25
6819,0,3,2270,50.367
6820,1,0,3160,65.917
6821,1,1,2960,67.817
6822,1,1,2760,71.067
6823,1,2,2760,68.083
6824,1,2,3360,78.6
6825,1,1,3160,63.4
6826,1,1,2960,65.65
6827,1,2,3160,64.617
6828,1,0,2960,59.583
6829,1,1,2760,62.8
6830,1,1,2960,82.183
6831,1,1,3360,71.7
6832,1,2,2960,60.317
6833,1,2,2960,68.117
6834,1,1,3160,64.317
6835,1,1,3360,71.983
6836,1,1,3160,87.767
6837,1,1,3160,68.567
6838,1,2,2960,76.983
6839,1,2,2960,81.6
6840,1,2,3360,66.967
6841,1,2,2960,68.917
6842,1,2,3160,73.467
6843,1,1,3160,76.017
6844,1,0,2960,65.9
6845,1,1,2760,61.867
6846,1,1,2960,59.0
6847,1,2,3160,74.167
6848,1,1,3360,59.55
6849,0,3,3230,62.933
6850,1,2,2760,60.45
6851,1,0,3160,66.733
6852,1,2,2760,68.6
6853,1,0,2960,65.9
6854,1,1,3160,71.217
6855,1,2,2960,73.617
6856,1,0,2760,57.4
6857,1,0,2960,60.583
6858,1,1,4160,75.45
6859,1,1,2960,76.033
6860,0,3,2300,53.667
6861,1,1,2560,58.017
6862,1,1,3160,69.7
6863,1,2,2760,71.8
6864,1,2,2760,79.233
6865,1,1,3760,71.917
6866,1,0,2960,63.4
6867,1,1,2960,66.383
6868,1,1,2760,69.167
6869,1,1,3160,70.567
6870,1,0,3360,69.917
6871,1,0,2960,64.733
6872,1,2,3160,65.1
6873,1,2,2960,74.55
6874,1,1,2960,76.333
6875,1,1,2760,66.817
6876,1,1,3760,62.667
6877,1,0,2960,62.25
6878,1,2,2760,56.817
6879,1,2,3160,60.267
6880,1,0,2960,68.067
6881,1,1,2960,74.333
6882,1,2,3160,73.533
6883,1,2,2960,70.683
6884,1,0,2960,74.067
6885,1,1,3160,68.883
6886,1,2,2760,66.517
6887,1,1,2960,69.117
6888,1,0,3160,60.4
6889,1,2,2960,79.117
6890,1,1,3560,58.633
6891,1,1,2960,75.633
6892,1,1,3160,76.433
6893,1,1,3160,65.383
6894,1,2,2760,64.783
6895,1,1,2760,62.083
6896,1,1,2960,72.633
6897,1,0,3360,58.917
6898,1,0,2560,62.4
6899,1,0,2760,59.067
6900,1,1,3160,67.1
6901,1,1,2960,64.733
6902,1,2,2960,79.917
6903,1,2,2560,68.317
6904,1,1,2760,65.067
6905,1,2,2760,73.017
6906,1,1,3560,66.383
6907,1,0,2960,63.733
6908,1,2,3360,76.2
6909,1,2,2960,67.083
6910,1,1,2960,62.55
6911,1,1,2960,71.55
6912,1,0,2760,66.067
6913,1,2,3160,76.733
6914,1,1,2960,63.3
6915,1,1,2960,67.5
6916,0,3,2620,60.0
6917,1,2,2760,89.367
6918,1,1,3160,69.333
6919,1,2,3160,74.883
6920,1,1,3360,59.883
6921,1,1,2960,62.333
6922,0,3,2390,50.85
6923,1,1,2560,76.367
6924,0,3,2930,67.767
6925,1,2,2760,71.9
6926,1,0,2560,70.417
6927,0,3,2530,60.55
6928,1,1,3960,81.583
6929,1,2,2960,69.683
6930,1,2,2760,74.733
6931,0,3,1920,46.367
6932,1,1,2960,70.717
6933,1,0,3160,60.9
6934,1,0,2760,61.917
6935,1,0,3160,58.567
6936,0,3,2160,52.75
6937,1,0,2760,58.067
6938,1,0,2960,66.917
6939,1,1,2760,62.517
6940,1,0,3160,65.583
6941,1,0,2960,61.583
6942,1,2,3160,68.517
6943,1,2,2760,70.65
6944,1,1,2760,77.7
6945,1,2,2960,65.767
6946,1,0,2760,73.25
6947,1,0,3560,57.733
6948,1,2,3360,70.333
6949,1,1,3360,61.733
6950,1,2,3560,64.55
6951,1,1,2760,62.617
6952,1,1,3160,66.217
6953,1,1,2960,72.517
6954,1,0,3360,59.733
6955,1,1,2760,69.083
6956,1,1,3160,58.183
6957,1,2,2960,70.45
6958,1,2,2960,76.333
6959,0,3,2910,62.033
6960,1,1,2960,65.1
6961,0,3,2360,49.917
6962,1,2,2760,62.75
6963,1,1,2760,74.117
6964,1,2,2960,66.85
6965,1,2,2760,69.717
6966,1,2,2960,71.65
6967,1,1,3160,65.533
6968,1,1,2760,71.833
6969,1,0,2560,59.733
6970,1,2,3160,73.617
6971,1,1,3160,60.25
6972,1,2,2760,71.65
6973,1,0,2960,71.067
6974,1,2,2960,73.5
6975,1,1,2760,64.567
6976,1,0,3560,59.067
6977,1,0,3760,69.233
6978,1,1,3160,59.883
6979,1,1,3160,64.983
6980,1,2,2760,70.283
6981,1,1,2760,71.417
6982,1,2,2760,64.233
6983,1,1,2960,65.5
6984,1,1,3160,57.65
6985,0,3,3130,71.383
6986,1,2,2960,77.45
6987,1,2,2760,66.533
6988,1,1,2760,77.35
6989,1,2,2760,75.667
6990,1,0,3560,59.233
6991,1,1,3360,73.333
6992,1,1,3360,81.167
6993,0,3,2580,66.633
6994,1,0,2760,73.233
6995,1,1,3160,71.917
6996,1,0,2760,60.4
6997,1,2,3160,82.5
6998,1,1,2960,56.367
6999,1,2,3160,72.95
7000,1,0,3360,68.4
7001,1,1,2960,70.15
7002,1,1,2560,79.783
7003,1,2,2960,74.667
7004,1,1,2760,67.517
7005,1,1,3160,81.3
7006,0,3,2840,56.417
7007,1,0,3360,72.75
7008,1,1,3160,72.7
7009,1,0,2760,74.4
7010,1,1,2960,80.85
7011,0,3,2990,60.55
7012,1,1,2960,62.567
7013,1,1,2960,63.267
7014,1,1,2560,67.9
7015,0,3,2580,57.067
7016,1,2,2760,61.85
7017,1,1,2760,59.55
7018,1,1,3160,77.05
7019,0,3,2890,61.817
7020,1,1,3360,71.217
7021,1,1,3160,75.2
7022,1,1,2960,67.8
7023,1,1,2760,56.1
7024,1,0,3360,62.4
7025,1,2,2960,59.067
7026,1,2,2760,67.667
7027,1,1,2760,68.4
7028,1,2,2760,64.65
7029,1,0,2960,69.4
7030,1,1,3160,65.55
7031,1,0,2760,68.067
7032,0,3,2930,64.3
7033,1,2,2760,78.2
7034,1,0,2760,62.25
7035,1,1,2560,66.533
7036,1,2,2760,62.483
7037,0,3,2810,61.383
7038,1,2,2560,70.517
7039,1,2,2760,69.667
7040,0,3,3540,63.3
7041,0,3,3080,64.45
7042,1,1,2510,74.517
7043,1,2,2960,79.817
7044,1,0,3560,79.733
7045,1,1,3360,64.067
7046,1,2,2760,70.833
7047,1,1,2960,71.567
7048,1,0,3160,67.567
7049,1,1,2960,67.667
7050,1,1,2760,67.7
7051,1,1,2960,71.5
7052,1,2,2560,59.667
7053,1,1,2960,70.233
7054,1,2,2760,77.617
7055,1,2,2960,75.417
7056,0,3,2350,61.233
7057,1,2,2560,58.967
7058,1,1,3360,70.8
7059,1,1,2960,67.95
7060,1,1,2560,69.55
7061,1,2,2760,74.833
7062,1,2,2760,64.3
7063,1,1,2960,72.067
7064,1,0,3560,69.733
7065,1,1,2760,67.55
7066,1,0,2760,59.95
7067,1,0,3360,67.417
7068,1,1,2560,67.55
7069,1,1,2760,64.383
7070,0,3,2390,50.567
7071,1,2,3160,71.967
7072,1,2,2760,63.7
7073,1,0,2960,62.4
7074,0,3,2780,70.85
7075,1,1,3360,66.783
7076,1,1,3760,60.417
7077,1,1,2960,56.55
7078,1,1,3160,63.833
7079,1,2,2560,66.917
7080,1,1,2760,82.383
7081,1,1,3160,68.283
7082,1,0,3360,60.917
7083,1,1,2560,76.817
7084,0,3,3010,58.55
7085,0,3,2940,66.317
7086,1,2,2960,70.433
7087,1,1,2960,68.683
7088,1,2,2960,66.133
7089,1,1,2960,67.917
7090,1,0,2560,65.067
7091,1,2,2760,70.717
7092,1,1,2960,87.65
7093,1,0,3160,58.067
7094,1,0,2960,70.917
7095,1,1,2560,70.633
7096,1,0,2560,63.067
7097,0,3,2610,63.117
7098,1,1,2960,63.833
7099,0,3,2180,53.2
7100,1,1,3160,59.5
7101,1,1,2960,69.383
7102,1,1,3160,66.183
7103,1,1,3360,69.567
7104,1,1,2960,64.683
7105,1,2,3360,72.933
7106,1,2,3160,79.133
7107,1,0,2760,63.25
7108,1,1,2960,68.183
7109,1,0,2560,72.4
7110,1,1,3160,64.2
7111,1,1,3160,68.867
7112,1,1,2760,65.233
7113,1,0,3160,66.733
7114,1,0,2960,65.067
7115,0,3,3350,71.867
7116,0,3,2750,72.617
7117,1,2,2760,60.8
7118,1,0,3360,73.733
7119,1,2,2760,63.283
7120,1,2,3360,66.0
7121,1,1,2560,61.667
7122,1,0,3160,71.9
7123,1,2,3360,70.183
7124,1,1,2560,61.283
7125,0,3,2800,62.9
7126,1,1,2960,64.233
7127,1,0,2560,63.25
7128,1,2,2760,72.933
7129,0,3,2850,68.3
7130,0,3,2940,72.433
7131,1,1,2560,55.05
7132,1,1,3560,72.667
7133,1,1,2560,70.333
7134,1,0,2760,56.9
7135,1,1,3360,65.383
7136,1,2,2960,62.633
7137,1,1,2960,64.4
7138,1,1,2760,74.717
7139,1,1,3760,73.217
7140,1,1,3560,67.55
7141,0,3,2780,71.217
7142,1,1,2960,67.117
7143,1,1,2760,63.05
7144,1,1,2760,72.417
7145,1,2,2910,77.833
7146,0,3,2440,58.633
7147,0,3,3170,58.017
7148,1,2,3160,73.617
7149,1,1,2960,77.167
7150,1,1,3160,62.833
7151,1,1,2560,71.883
7152,0,3,2800,61.25
7153,1,1,2960,70.7
7154,1,1,3160,72.167
7155,1,2,2960,86.583
7156,1,2,2760,63.35
7157,1,2,3160,64.417
7158,1,0,2960,81.083
7159,1,2,2560,73.55
7160,1,1,3160,67.833
7161,1,2,3160,72.883
7162,1,2,2960,70.55
7163,1,0,3360,67.4
7164,1,1,3960,62.55
7165,1,1,3760,65.533
7166,0,3,2680,59.133
7167,1,2,3160,73.383
7168,1,0,2560,78.233
7169,1,1,2760,75.717
7170,1,1,2760,77.1
7171,1,2,3360,67.85
7172,1,1,3160,64.317
7173,1,2,2760,69.983
7174,1,0,3160,68.567
7175,1,1,3160,55.3
7176,1,2,2760,73.683
7177,1,2,2510,65.017
7178,1,2,3160,70.05
7179,1,0,3560,63.567
7180,1,0,3360,78.75
7181,1,1,3160,77.383
7182,1,1,3360,62.483
7183,1,1,3960,76.05
7184,1,0,2760,64.9
7185,1,2,3360,71.967
7186,1,2,2560,66.433
7187,1,1,3160,66.367
7188,1,1,2760,68.767
7189,1,1,3160,65.533
7190,1,0,3160,61.733
7191,1,2,3360,67.833
7192,1,1,3360,63.25
7193,1,1,2960,72.5
7194,1,1,3160,74.217
7195,1,1,2760,69.383
7196,1,1,2760,61.667
7197,1,2,3360,70.8
7198,1,2,2960,68.017
7199,1,0,2560,63.917
7200,0,3,2090,47.7
7201,1,2,2560,65.317
7202,1,2,2760,61.6
7203,1,0,3560,70.733
7204,1,2,2960,83.95
7205,1,2,3760,71.783
7206,1,2,2960,65.867
7207,1,1,3160,67.483
7208,1,2,2760,70.2
7209,1,1,2960,74.05
7210,1,0,3360,68.733
7211,1,1,2760,60.85
7212,1,1,3160,64.383
7213,1,2,2960,62.983
7214,1,1,2760,62.333
7215,1,1,3560,68.333
7216,0,3,2550,65.817
7217,1,2,2760,66.317
7218,1,2,3160,66.433
7219,1,2,2960,67.35
7220,1,2,2760,77.767
7221,1,1,2960,70.25
7222,0,3,2550,62.35
7223,1,2,2760,71.417
7224,1,0,3160,64.4
7225,1,2,2960,75.083
7226,1,1,3160,66.883
7227,0,3,2190,44.217
7228,1,2,2760,73.817
7229,1,2,2760,61.483
7230,0,3,1820,42.25
7231,1,1,2760,71.683
7232,1,1,3160,62.15
7233,0,3,2540,64.7
7234,1,1,2560,63.667
7235,1,2,2560,77.267
7236,1,1,2560,66.617
7237,1,1,3760,73.383
7238,1,1,2960,67.95
7239,1,2,2760,62.0
7240,1,2,3160,73.633
7241,1,2,3160,70.733
7242,1,1,2760,70.8
7243,1,1,2960,70.85
7244,1,0,2560,71.567
7245,1,2,3160,64.667
7246,0,3,3150,81.75
7247,1,2,3160,67.267
7248,1,1,2760,57.417
7249,1,1,2760,66.8
7250,1,2,3160,84.25
7251,1,2,2760,66.767
7252,1,0,3160,70.4
7253,1,2,3160,81.383
7254,1,1,3160,70.0
7255,0,3,2720,79.267
7256,1,1,3160,62.767
7257,1,0,2760,62.4
7258,1,1,3360,81.333
7259,1,1,2960,69.283
7260,1,2,2960,69.117
7261,1,1,2760,65.033
7262,1,1,3560,58.5
7263,0,3,2780,54.583
7264,1,2,3160,75.267
7265,0,3,2950,60.167
7266,1,1,3360,68.583
7267,1,2,2560,69.617
7268,1,1,2760,76.5
7269,0,3,2560,60.75
7270,1,1,3360,77.333
7271,1,0,2960,69.417
7272,1,1,2760,77.867
7273,1,0,3360,59.917
7274,0,3,3080,71.1
7275,0,3,2770,57.717
7276,1,0,3360,61.25
7277,1,1,3360,68.533
7278,1,2,2760,80.217
7279,1,1,2960,62.367
7280,1,1,3760,85.883
7281,1,0,2760,68.733
7282,1,1,2960,62.7
7283,1,2,2960,71.367
7284,1,0,3160,64.083
7285,1,1,2560,64.717
7286,1,0,3560,61.733
7287,1,1,2960,75.05
7288,1,2,3160,60.767
7289,1,1,3160,65.333
7290,1,2,2760,67.617
7291,1,1,3360,65.067
7292,1,1,2960,91.083
7293,1,0,2760,75.583
7294,1,0,2960,69.4
7295,1,2,2960,59.9
7296,1,2,2960,73.217
7297,0,3,2890,62.833
7298,1,0,3160,68.9
7299,1,0,2560,60.917
7300,1,2,2960,78.9
7301,1,0,2560,61.25
7302,1,1,2760,62.867
7303,1,0,3160,62.75
7304,1,1,2960,75.45
7305,1,0,3360,74.067
7306,1,1,2960,78.017
7307,1,1,2960,57.617
7308,1,1,2760,66.0
7309,1,2,2960,60.75
7310,1,0,3560,67.067
7311,0,3,2550,57.067
7312,1,0,3360,76.933
7313,1,1,2760,72.717
7314,1,0,2960,60.083
7315,1,1,3360,60.25
7316,1,0,3160,64.767
7317,1,2,2960,61.6
7318,1,0,2960,72.4
7319,1,0,2760,58.567
7320,1,1,2760,70.867
7321,1,1,2960,77.25
7322,1,0,3560,75.733
7323,1,1,2760,63.183
7324,1,0,2960,66.583
7325,1,2,2560,67.5
7326,1,2,2760,66.95
7327,1,2,2960,76.133
7328,0,3,2650,63.417
7329,0,3,2410,60.033
7330,1,2,3160,75.45
7331,1,0,2960,76.433
7332,1,1,2960,64.667
7333,1,2,2960,79.633
7334,1,0,2960,78.433
7335,1,1,3160,68.167
7336,1,2,2960,67.583
7337,0,3,2890,66.1
7338,1,1,3360,65.5
7339,0,3,3140,55.683
7340,1,1,2960,80.033
7341,1,1,2760,66.817
7342,1,0,3160,61.583
7343,1,0,2960,60.067
7344,1,0,2760,57.917
7345,0,3,1880,48.0
7346,1,1,2960,63.45
7347,1,1,2960,62.033
7348,1,2,3760,67.1
7349,1,1,3160,64.767
7350,1,1,2960,61.35
7351,0,3,2530,69.467
7352,1,2,2760,70.033
7353,1,1,2560,64.167
7354,1,1,3160,71.283
7355,1,1,2760,74.433
7356,1,2,2760,65.9
7357,1,1,3360,64.05
7358,1,0,3560,72.233
7359,1,1,3560,76.5
7360,1,0,2960,56.9
7361,1,0,2560,69.917
7362,1,2,2960,64.65
7363,1,2,2760,61.583
7364,1,1,2960,71.217
7365,1,1,3160,62.217
7366,0,3,2700,66.5
7367,0,3,3130,74.917
7368,1,1,2560,61.683
7369,1,0,2560,55.567
7370,1,1,2560,63.55
7371,1,2,3160,76.383
7372,1,0,3760,67.733
7373,1,1,3760,65.767
7374,1,1,3360,74.883
7375,1,1,3160,72.033
7376,1,0,3360,63.567
7377,1,2,2560,61.017
7378,1,1,2760,63.1
7379,1,2,2760,70.833
7380,0,3,3090,69.15
7381,1,2,2960,70.483
7382,1,0,3360,66.25
7383,1,2,3360,66.467
7384,0,3,2840,66.25
7385,1,2,3160,67.817
7386,1,1,2960,63.167
7387,1,1,3160,61.833
7388,1,2,3160,68.55
7389,1,1,2960,68.767
7390,0,3,2870,66.25
7391,1,0,3560,68.4
7392,1,1,3160,65.55
7393,1,2,2710,68.8
7394,1,0,3160,59.25
7395,1,2,2760,55.967
7396,1,1,3560,63.833
7397,1,1,2560,63.333
7398,0,3,2370,56.217
7399,1,1,3160,59.983
7400,1,2,2760,71.967
7401,1,2,2760,80.283
7402,1,2,3160,78.75
7403,0,3,3090,64.933
7404,1,0,3110,69.067
7405,1,2,2760,64.067
7406,1,0,2960,63.9
7407,1,1,2760,69.883
7408,1,0,2960,66.417
7409,0,3,2560,63.65
7410,0,3,2630,63.917
7411,1,1,2760,74.317
7412,1,2,3760,75.733
7413,1,2,2560,64.25
7414,1,1,2760,65.383
7415,1,2,3160,66.75
7416,1,0,3160,63.417
7417,1,0,3160,62.583
7418,0,3,2330,61.567
7419,1,1,2760,82.867
7420,1,2,2960,58.7
7421,1,1,2960,63.867
7422,1,0,3360,59.067
7423,1,2,3160,67.633
7424,1,2,2760,67.1
7425,0,3,2870,76.05
7426,1,1,3160,75.283
7427,1,0,3160,68.083
7428,1,0,2760,66.733
7429,1,2,2760,66.5
7430,1,1,2560,76.05
7431,1,1,3360,70.65
7432,1,2,2760,66.967
7433,1,2,3360,72.95
7434,0,3,2740,74.933
7435,1,2,2960,65.967
7436,1,2,3160,78.917
7437,0,3,2410,54.833
7438,0,3,2870,64.617
7439,0,3,3540,62.033
7440,1,1,3160,66.633
7441,1,1,3760,74.65
7442,1,2,3160,75.433
7443,1,1,2760,74.733
7444,1,1,2760,69.833
7445,1,0,3160,64.067
7446,1,0,3360,70.567
7447,1,1,2760,66.267
7448,1,2,2960,72.15
7449,1,0,3160,62.917
7450,1,0,2560,66.067
7451,1,1,2960,68.167
7452,0,3,2720,54.55
7453,1,0,3160,64.567
7454,1,2,3160,65.183
7455,1,0,2960,59.95
7456,1,2,2760,74.3
7457,1,2,2560,65.167
7458,1,0,2560,58.067
7459,1,2,3360,69.667
7460,1,2,2710,70.767
7461,1,0,2760,61.4
7462,1,2,2960,65.117
7463,0,3,2900,60.55
7464,1,2,2960,68.017
7465,1,2,2960,66.967
7466,1,2,3160,64.633
7467,1,0,3160,65.583
7468,1,1,2960,62.7
7469,1,0,3360,63.233
7470,1,0,2560,62.4
7471,0,3,2490,69.567
7472,1,2,3360,86.933
7473,1,1,2760,72.55
7474,1,0,2960,63.733
7475,1,1,3560,71.433
7476,1,2,2760,61.85
7477,1,1,2560,73.567
7478,1,2,2760,64.867
7479,1,1,3160,66.2
7480,1,0,2760,58.4
7481,1,1,3360,72.817
7482,1,1,2560,70.7
7483,1,1,2760,69.167
7484,0,3,2450,55.967
7485,1,1,3160,60.883
7486,1,1,2560,68.55
7487,1,0,2560,70.25
7488,1,1,2960,61.0
7489,1,1,3160,66.167
7490,0,3,2550,62.65
7491,1,2,3160,62.333
7492,1,0,2960,63.917
7493,1,2,2760,78.65
7494,1,0,2560,57.067
7495,1,1,2710,73.867
7496,1,1,2960,69.2
7497,1,2,2560,68.7
7498,0,3,3050,63.45
7499,1,2,2960,60.533
7500,1,1,2960,77.2
7501,1,1,2760,73.9
7502,1,1,2760,58.883
7503,1,1,2760,63.883
7504,1,2,2760,64.467
7505,1,2,3160,67.1
7506,0,3,2460,57.5
7507,1,2,2760,79.2
7508,1,1,2560,78.233
7509,0,3,2350,64.6
7510,1,1,3160,65.417
7511,1,1,2960,65.467
7512,0,3,2260,63.5
7513,1,2,2960,59.483
7514,1,0,2960,60.917
7515,1,1,2560,59.667
7516,0,3,2700,63.033
7517,1,2,3160,71.983
7518,1,1,3960,72.517
7519,1,0,2560,67.917
7520,1,1,2960,73.067
7521,1,2,2960,68.1
7522,1,0,3960,64.4
7523,1,0,2960,66.917
7524,0,3,2890,79.017
7525,1,2,3160,72.517
7526,1,0,2760,64.4
7527,1,0,2960,64.917
7528,1,2,2760,71.8
7529,1,0,3160,64.067
7530,0,3,2610,55.5
7531,0,3,2500,70.5
7532,0,3,2720,69.967
7533,1,0,3160,69.567
7534,1,2,3160,67.733
7535,1,2,2560,69.517
7536,0,3,3320,78.95
7537,1,1,2760,66.4
7538,1,2,3160,71.5
7539,1,1,2960,72.583
7540,1,0,3160,68.583
7541,1,2,2960,77.983
7542,1,2,2760,72.533
7543,1,1,2760,69.383
7544,1,2,2960,70.833
7545,1,2,2960,76.85
7546,1,1,2960,68.567
7547,1,1,3160,60.2
7548,1,2,2760,81.133
7549,0,3,2230,42.833
7550,1,2,2560,61.083
7551,1,2,2960,76.067
7552,1,0,2760,58.4
7553,1,1,2960,70.833
7554,1,1,2760,60.383
7555,1,1,2560,58.733
7556,1,0,3560,69.4
7557,1,1,2760,59.933
7558,0,3,2540,58.4
7559,1,0,2960,74.4
7560,1,1,3760,86.483
7561,1,2,2960,69.917
7562,1,1,2960,57.5
7563,1,2,2960,60.967
7564,0,3,2490,52.133
7565,1,1,3560,71.05
7566,0,3,2520,51.85
7567,1,1,2960,69.767
7568,1,1,2960,70.033
7569,1,1,2760,58.717
7570,1,2,3160,59.95
7571,1,2,2760,64.133
7572,1,2,2560,70.967
7573,1,1,3160,67.55
7574,0,3,2130,45.4
7575,1,1,3360,75.733
7576,1,2,3160,75.017
7577,1,1,2960,80.867
7578,1,2,3160,67.75
7579,1,1,3160,67.5
7580,1,1,2760,67.667
7581,1,2,3160,71.933
7582,1,2,2760,67.133
7583,0,3,2610,60.8
7584,1,2,3160,66.683
7585,1,1,2760,56.0
7586,1,2,2560,73.233
7587,1,1,2560,61.017
7588,1,0,2960,74.75
7589,1,1,3360,69.167
7590,1,0,2960,62.567
7591,1,0,2560,64.75
7592,1,1,2960,71.733
7593,1,0,2960,67.583
7594,1,2,3360,73.483
7595,1,1,3560,71.55
7596,1,0,2960,75.417
7597,1,1,3360,67.033
7598,1,2,2960,67.167
7599,1,1,2960,71.7
7600,1,2,2760,71.8
7601,1,2,2560,70.683
7602,0,3,3520,69.117
7603,0,3,2700,65.333
7604,1,1,2760,63.55
7605,1,2,2960,74.05
7606,0,3,2720,67.2
7607,1,2,2960,79.2
7608,1,1,2760,71.483
7609,1,0,2960,72.25
7610,1,1,3760,71.183
7611,1,0,2760,60.733
7612,1,1,2960,65.8
7613,1,1,2560,60.883
7614,1,0,3160,62.067
7615,1,1,2760,69.333
7616,0,3,2500,62.367
7617,1,2,2760,63.567
7618,1,2,2560,70.583
7619,1,1,2960,68.467
7620,1,2,3360,67.6
7621,1,0,3160,60.4
7622,1,1,2760,61.333
7623,1,1,2560,63.0
7624,1,0,3160,72.733
7625,1,2,3160,64.0
7626,1,2,3160,77.033
7627,1,0,3360,69.583
7628,0,3,2730,68.567
7629,1,2,2960,75.983
7630,1,1,3560,74.333
7631,1,2,2760,69.267
7632,1,1,3160,68.367
7633,1,1,2760,63.3
7634,1,1,2760,64.833
7635,1,2,2760,77.117
7636,0,3,3100,72.333
7637,1,1,3160,64.167
7638,1,2,3960,67.317
7639,1,2,2960,80.45
7640,1,2,2760,72.667
7641,1,2,2760,76.883
7642,0,3,2080,48.367
7643,1,2,2760,75.85
7644,1,0,2960,66.067
7645,1,2,3160,71.483
7646,1,2,2760,69.683
7647,1,2,2960,65.283
7648,0,3,2470,73.25
7649,1,1,3560,77.5
7650,1,1,3160,69.667
7651,1,1,3160,61.733
7652,1,1,2960,66.5
7653,1,1,2560,66.883
7654,1,2,2960,69.55
7655,1,0,2560,62.25
7656,1,1,3360,79.717
7657,1,1,3160,71.233
7658,1,1,2760,61.4
7659,1,0,2760,63.917
7660,1,0,2560,58.733
7661,1,1,2760,73.917
7662,1,1,3160,76.333
7663,1,2,2760,64.217
7664,1,1,3560,80.083
7665,0,3,2520,62.5
7666,1,0,2760,66.9
7667,0,3,3050,58.617
7668,1,1,3160,77.383
7669,0,3,2090,47.683
7670,1,1,3360,62.817
7671,1,1,2960,75.45
7672,1,2,2960,62.967
7673,1,1,3160,72.367
7674,1,0,3160,70.267
7675,1,2,3160,65.517
7676,1,1,2560,72.7
7677,1,1,3160,73.667
7678,1,2,3160,65.05
7679,0,3,2200,52.917
7680,1,1,3360,67.5
7681,1,1,2960,72.933
7682,1,1,3360,69.617
7683,1,1,2560,64.7
7684,1,1,2760,73.0
7685,1,1,2960,60.283
7686,1,0,3160,61.25
7687,1,2,2760,72.217
7688,1,1,3360,59.55
7689,1,2,2960,65.667
7690,1,0,2760,64.25
7691,1,2,2960,64.083
7692,1,1,2510,66.283
7693,1,1,2960,66.367
7694,0,3,2880,61.467
7695,1,0,3160,69.9
7696,1,1,3360,71.783
7697,1,2,2760,77.083
7698,1,1,2760,64.2
7699,1,0,3160,62.4
7700,1,0,3160,71.567
7701,1,1,2760,72.55
7702,1,2,2760,63.95
7703,1,2,3160,71.85
7704,1,2,3360,80.5
7705,1,0,2960,58.733
7706,1,0,2960,60.25
7707,1,1,3560,69.067
7708,1,2,2960,72.1
7709,1,1,3560,69.317
7710,0,3,2740,59.567
7711,1,1,3360,70.067
7712,1,0,3160,65.4
7713,1,1,2960,57.367
7714,1,2,2960,73.433
7715,1,2,3160,74.683
7716,1,2,2760,63.933
7717,1,0,3160,66.733
7718,1,0,3360,55.067
7719,1,0,2960,63.4
7720,1,1,2960,81.1
7721,0,3,2880,67.017
7722,1,1,2760,66.35
7723,1,0,2560,57.567
7724,1,1,3160,67.0
7725,1,1,2560,62.067
7726,1,2,2760,69.4
7727,1,1,2760,78.017
7728,1,1,2960,75.85
7729,1,1,2560,76.0
7730,1,1,3160,69.7
7731,1,1,3960,63.067
7732,1,1,2960,72.4
7733,1,2,2960,72.167
7734,1,1,2760,74.517
7735,1,1,2960,66.5
7736,1,2,2960,71.617
7737,1,1,2760,59.45
7738,1,1,3760,64.0
7739,1,1,2910,61.233
7740,1,0,2760,69.25
7741,1,0,2960,64.4
7742,1,1,2960,61.85
7743,1,0,2960,63.733
7744,1,2,2760,61.15
7745,1,1,2760,59.2
7746,1,2,2960,65.467
7747,1,1,2760,71.7
7748,1,0,3360,63.25
7749,0,3,2700,92.083
7750,0,3,2740,59.9
7751,1,0,3160,70.4
7752,1,0,2960,65.4
7753,1,1,2760,64.033
7754,1,2,3160,60.883
7755,1,1,3160,70.033
7756,1,2,2960,83.767
7757,1,2,3160,67.4
7758,1,0,3360,68.9
7759,1,2,2760,77.483
7760,1,1,3560,56.5
7761,1,0,3560,65.233
7762,1,1,2760,57.95
7763,1,2,3760,76.433
7764,1,2,2760,69.65
7765,1,0,2960,72.733
7766,1,2,2760,65.75
7767,1,1,2960,72.05
7768,1,1,2760,57.933
7769,1,2,2760,77.333
7770,1,1,3360,74.383
7771,1,1,2760,69.0
7772,1,2,2760,76.517
7773,1,2,2560,68.85
7774,1,2,2960,75.083
7775,1,1,2960,59.833
7776,1,0,4160,60.75
7777,1,1,2760,61.683
7778,1,1,2760,65.333
7779,1,0,2960,60.067
7780,1,0,2560,64.067
7781,1,1,3160,61.6
7782,0,3,2770,63.883
7783,1,0,2960,69.917
7784,1,0,3760,62.567
7785,1,1,3160,70.617
7786,1,2,3160,66.267
7787,0,3,2650,56.567
7788,1,2,2760,67.25
7789,0,3,2800,66.05
7790,1,1,3760,72.783
7791,1,0,3360,70.25
7792,1,1,2760,76.983
7793,1,1,3160,64.2
7794,1,0,3160,74.583
7795,0,0,3000,1666.667
7796,1,2,3160,62.4
7797,1,1,3760,84.05
7798,1,2,2760,79.433
7799,1,2,2960,75.217
7800,1,2,3560,71.883
7801,1,1,3360,69.317
7802,0,3,2940,74.117
7803,1,1,2760,62.5
7804,1,1,3160,74.217
7805,0,3,2830,65.233
7806,0,3,2470,49.483
7807,1,2,2960,73.3
7808,1,1,2960,67.917
7809,1,1,2760,76.333
7810,1,1,2710,60.383
7811,1,1,2960,63.517
7812,0,3,3150,58.833
7813,0,3,2360,64.317
7814,1,2,3360,60.483
7815,1,2,2760,67.633
7816,1,2,3360,71.517
7817,1,1,2960,69.567
7818,1,0,3160,63.75
7819,1,1,3560,78.85
7820,1,1,2760,53.867
7821,0,3,2950,76.383
7822,1,1,3160,82.367
7823,1,2,2960,73.8
7824,1,1,3360,76.883
7825,1,0,3360,75.9
7826,1,0,3160,73.083
7827,1,2,2560,70.633
7828,1,2,2560,62.183
7829,1,2,3160,81.2
7830,0,3,2940,72.367
7831,1,2,3160,74.717
7832,1,1,3560,68.033
7833,1,2,3360,77.05
7834,1,2,2960,61.017
7835,1,2,2960,83.35
7836,1,2,2760,62.517
7837,1,1,2960,77.167
7838,1,0,2560,69.067
7839,1,1,2560,59.533
7840,1,2,2760,88.383
7841,1,1,3160,63.733
7842,1,1,3360,76.883
7843,1,2,2960,70.233
7844,1,0,2960,58.583
7845,1,2,2560,60.783
7846,1,2,2760,69.633
7847,1,1,2760,63.0
7848,1,1,3160,69.383
7849,1,1,2960,65.55
7850,1,0,2560,69.4
7851,1,2,2560,63.55
7852,0,3,2950,84.933
7853,1,1,2760,69.217
7854,1,0,2560,67.9
7855,0,3,2640,60.533
7856,1,0,3760,69.4
7857,1,1,2760,62.617
7858,1,1,2960,78.95
7859,1,0,3160,64.917
7860,1,1,2560,76.55
7861,1,1,2560,71.467
7862,1,1,3160,69.7
7863,1,0,2560,54.4
7864,1,1,2960,72.65
7865,1,1,2760,73.833
7866,1,1,3160,64.383
7867,1,2,2960,72.133
7868,1,1,2960,64.7
7869,1,1,3560,76.217
7870,1,1,2760,72.2
7871,1,2,2760,71.467
7872,1,2,3360,66.667
7873,1,1,2960,72.833
7874,1,1,3160,65.667
7875,1,1,3560,67.167
7876,1,2,2960,75.5
7877,1,1,3360,67.733
7878,1,1,2760,67.533
7879,1,1,3160,72.667
7880,1,1,2960,60.95
7881,1,1,3360,77.117
7882,1,1,2960,76.167
7883,0,3,2550,59.0
7884,1,1,2760,65.217
7885,0,3,2710,60.05
7886,1,1,2960,66.983
7887,1,1,2760,59.467
7888,1,2,3560,85.317
7889,0,3,2870,62.4
7890,1,1,2760,76.0
7891,1,2,3160,71.1
7892,1,1,2760,62.167
7893,1,1,3160,76.433
7894,1,1,3160,70.667
7895,1,0,2960,59.733
7896,1,1,2960,70.033
7897,0,3,2450,60.233
7898,1,0,3160,63.4
7899,1,2,2760,72.9
7900,1,1,2960,65.0
7901,1,0,2760,56.067
7902,1,2,2560,71.533
7903,1,2,2560,67.183
7904,0,3,3110,65.817
7905,1,1,3160,80.367
7906,1,1,3160,65.067
7907,1,1,2960,68.983
7908,1,2,2960,82.133
7909,1,2,2960,61.667
7910,1,2,2760,68.9
7911,1,2,2960,68.0
7912,0,3,2390,62.0
7913,1,1,3360,64.117
7914,0,3,2640,62.267
7915,1,2,2960,73.05
7916,1,1,3360,67.5
7917,1,1,2960,57.917
7918,1,2,2760,61.667
7919,1,1,3560,74.217
7920,1,1,2760,60.0
7921,1,0,2960,76.25
7922,1,1,2960,63.05
7923,1,0,2760,60.917
7924,1,1,2960,75.467
7925,1,0,2960,64.4
7926,1,2,3160,84.983
7927,1,1,3160,64.017
7928,1,1,2560,64.15
7929,1,1,2560,60.05
7930,0,3,2870,63.75
7931,1,0,3360,64.733
7932,1,2,2960,69.383
7933,1,0,3160,65.583
7934,1,1,3160,66.933
7935,1,2,3160,74.133
7936,1,2,3360,75.85
7937,1,0,3360,62.4
7938,1,2,2760,77.6
7939,1,1,3160,66.05
7940,1,1,2960,60.833
7941,1,0,3160,63.9
7942,1,0,3560,67.733
7943,1,2,2760,69.833
7944,1,0,2560,66.233
7945,1,1,2760,74.733
7946,1,1,2760,66.683
7947,1,2,2760,69.583
7948,1,0,2960,67.583
7949,0,3,2910,78.15
7950,0,3,2300,45.667
7951,1,1,3560,74.633
7952,1,1,3160,72.167
7953,1,0,3560,63.733
7954,1,2,3760,81.433
7955,1,0,3160,72.233
7956,1,0,2960,59.25
7957,1,1,3360,73.1
7958,1,1,3160,82.933
7959,0,3,2750,72.05
7960,1,0,3360,70.233
7961,1,0,2760,55.9
7962,1,2,2960,70.3
7963,1,0,3160,64.4
7964,1,0,2960,68.9
7965,1,1,3160,68.383
7966,1,1,2760,68.883
7967,1,0,3160,58.067
7968,1,1,3760,83.6
7969,1,1,3160,69.883
7970,1,0,3360,66.4
7971,1,1,2560,65.7
7972,1,1,2760,62.883
7973,1,2,2960,71.617
7974,1,1,2960,74.783
7975,1,0,3560,59.067
7976,1,2,2960,70.383
7977,1,1,2760,75.667
7978,1,2,2960,81.7
7979,1,1,2560,59.217
7980,1,2,3160,84.35
7981,1,2,2760,65.967
7982,1,1,2560,66.033
7983,1,2,2960,71.017
7984,0,3,2780,54.717
7985,1,1,3560,61.667
7986,1,0,2560,62.733
7987,1,1,3360,59.167
7988,1,1,3160,71.95
7989,1,1,3360,87.867
7990,1,1,3360,70.35
7991,1,1,2760,63.65
7992,1,1,2960,79.0
7993,1,1,2960,74.217
7994,1,2,2960,72.933
7995,1,1,3560,66.65
7996,1,0,2960,85.9
7997,1,1,2760,72.217
7998,1,2,2960,75.333
7999,1,1,3160,76.05
8000,1,1,2760,80.4
8001,1,0,3160,71.25
8002,1,1,2760,56.167
8003,1,2,2760,61.733
8004,1,0,3360,67.233
8005,1,1,2760,61.95
8006,0,3,3100,60.833
8007,0,3,2300,55.7
8008,1,1,2960,60.9
8009,0,3,2670,76.0
8010,1,2,2960,65.667
8011,1,2,2760,66.233
8012,1,0,2960,60.4
8013,1,2,3960,76.117
8014,1,1,3360,73.467
8015,1,1,2760,67.8
8016,0,3,3090,66.4
8017,1,1,2960,63.217
8018,0,3,3350,62.933
8019,1,0,2960,60.25
8020,1,0,2960,79.25
8021,1,1,2760,62.233
8022,1,1,3160,69.017
8023,1,2,2960,69.067
8024,1,0,2960,68.917
8025,1,0,3360,63.4
8026,1,2,2760,86.083
8027,1,1,3160,67.017
8028,1,2,3160,69.467
8029,1,1,3760,72.783
8030,1,1,2960,64.617
8031,1,1,2960,56.883
8032,1,0,3560,59.4
8033,1,0,3360,66.4
8034,1,2,2960,75.433
8035,0,3,2610,56.8
8036,1,0,2960,58.733
8037,1,2,2560,63.133
8038,1,2,2560,64.133
8039,1,2,2760,64.283
8040,1,1,3110,74.217
8041,1,1,2960,61.667
8042,1,1,3160,67.767
8043,1,1,2760,59.167
8044,1,1,3160,65.883
8045,1,0,2960,68.583
8046,1,1,2760,84.0
8047,1,1,3360,68.333
8048,0,3,2650,65.483
8049,1,1,3760,70.333
8050,1,1,2760,68.517
8051,1,2,2960,74.233
8052,1,1,3160,70.4
8053,1,1,3160,62.333
8054,1,1,2960,70.0
8055,1,2,2760,75.267
8056,1,1,2960,69.183
8057,0,3,2750,70.9
8058,1,0,2960,62.733
8059,0,3,2480,59.433
8060,1,1,2560,62.883
8061,1,2,2560,60.183
8062,1,1,3760,65.667
8063,1,0,2760,66.733
8064,1,0,2760,65.583
8065,1,2,2760,62.933
8066,1,1,2760,71.3
8067,1,2,2910,58.017
8068,1,1,3160,63.867
8069,1,1,2560,69.183
8070,1,2,2760,67.583
8071,1,2,2960,63.15
8072,1,2,3160,73.967
8073,1,1,2760,68.0
8074,1,2,2760,60.267
8075,1,2,2510,55.85
8076,1,1,3560,67.85
8077,1,0,2960,60.25
8078,1,2,2560,74.417
8079,1,1,3360,65.267
8080,1,1,2560,67.2
8081,1,1,2560,64.783
8082,1,1,3160,78.017
8083,1,1,2760,67.283
8084,0,3,2670,59.633
8085,1,2,3160,70.467
8086,1,2,2960,71.733
8087,1,2,2510,60.75
8088,1,2,2960,75.033
8089,0,3,3160,53.383
8090,0,3,2650,55.15
8091,1,1,3160,74.3
8092,1,1,2760,64.333
8093,1,2,2760,81.917
8094,1,2,3160,76.067
8095,1,2,3160,63.417
8096,1,1,3960,79.5
8097,1,2,2560,78.8
8098,1,2,2760,71.6
8099,1,0,3160,81.75
8100,1,1,2760,64.867
8101,1,1,2760,68.883
8102,1,0,2560,64.733
8103,1,0,2560,64.067
8104,1,1,2760,63.767
8105,1,0,2560,66.067
8106,0,3,3120,65.85
8107,1,0,3360,67.9
8108,1,1,2760,65.7
8109,1,1,3360,69.217
8110,1,1,3160,74.65
8111,1,0,3360,81.767
8112,1,2,2960,60.2
8113,1,1,3560,74.25
8114,1,0,2760,64.567
8115,1,2,2960,72.45
8116,1,0,2960,60.4
8117,1,2,2960,65.467
8118,1,0,2760,55.733
8119,1,2,3160,77.433
8120,1,0,3760,61.067
8121,0,3,2740,62.217
8122,1,1,3160,65.833
8123,1,1,3160,62.033
8124,1,1,2960,66.0
8125,1,2,2560,71.367
8126,1,1,2560,61.0
8127,1,1,2960,64.417
8128,1,0,4160,68.4
8129,1,2,2960,68.467
8130,1,1,3160,71.517
8131,1,1,2960,73.367
8132,1,1,3110,62.1
8133,1,1,2760,61.05
8134,1,2,2560,63.533
8135,1,0,2960,57.4
8136,1,1,2960,66.117
8137,0,3,2630,59.767
8138,1,2,3160,71.917
8139,0,3,3120,58.433
8140,1,1,2960,68.183
8141,1,0,2960,64.067
8142,1,0,3960,66.733
8143,1,0,2560,60.25
8144,1,1,2760,62.65
8145,1,2,2960,79.667
8146,0,3,2700,69.867
8147,1,2,2560,73.417
8148,1,1,3360,72.667
8149,1,0,2760,61.25
8150,1,2,2960,79.333
8151,1,2,3560,83.733
8152,0,3,2950,65.3
8153,1,1,3160,77.167
8154,1,1,2910,70.833
8155,1,1,2560,61.8
8156,1,2,2960,62.467
8157,1,0,3160,63.4
8158,1,0,3360,60.067
8159,0,3,2730,72.883
8160,1,0,3160,64.25
8161,1,1,3560,70.183
8162,1,0,2560,54.733
8163,1,0,2760,58.4
8164,1,2,2560,78.483
8165,1,0,3160,70.9
8166,1,2,2960,65.45
8167,0,3,2300,55.767
8168,1,1,3360,67.2
8169,1,0,3160,69.433
8170,0,3,2450,55.2
8171,1,1,2760,79.55
8172,1,2,3360,85.1
8173,0,3,2660,64.733
8174,0,3,2370,47.233
8175,1,1,2760,63.283
8176,1,1,3360,66.383
8177,1,1,2960,79.8
8178,1,1,3160,76.217
8179,1,0,2960,58.067
8180,1,1,2560,72.033
8181,1,2,3160,72.9
8182,1,1,2960,78.833
8183,1,1,3360,63.667
8184,1,2,3360,63.35
8185,1,0,3160,64.767
8186,1,1,2760,73.9
8187,1,2,2960,69.283
8188,1,1,3560,74.733
8189,1,2,3160,69.367
8190,1,1,2760,62.767
8191,1,0,2560,57.733
8192,1,2,2960,66.083
8193,1,2,3360,70.6
8194,1,2,2760,76.133
8195,1,1,2760,79.2
8196,1,2,2760,68.3
8197,1,0,2960,71.767
8198,1,0,2560,62.9
8199,1,1,3360,63.217
8200,1,2,2960,71.95
8201,1,1,2760,69.45
8202,1,1,3160,74.917
8203,1,1,2760,66.767
8204,1,1,3160,66.533
8205,0,3,2390,46.633
8206,1,2,2910,68.933
8207,1,2,3160,74.867
8208,1,1,2960,71.7
8209,1,1,2960,74.7
8210,1,1,3960,62.233
8211,1,2,2960,68.317
8212,1,2,2960,67.633
8213,0,3,3350,74.083
8214,1,0,2760,62.067
8215,1,0,2760,64.233
8216,1,1,3160,66.667
8217,1,1,2960,59.517
8218,1,0,3560,66.4
8219,1,1,2560,71.35
8220,1,2,3360,67.75
8221,1,2,2960,71.483
8222,1,2,2960,74.45
8223,1,2,2960,64.917
8224,1,2,2960,67.783
8225,1,0,3160,56.4
8226,1,1,2560,66.783
8227,1,0,3560,66.9
8228,1,1,2560,64.667
8229,1,0,3560,75.117
8230,1,1,2960,60.5
8231,1,1,2760,74.617
8232,1,2,2960,63.017
8233,1,0,3160,63.233
8234,0,3,2570,55.917
8235,1,1,2760,64.867
8236,1,0,2560,59.067
8237,1,1,3160,62.733
8238,1,2,3360,74.283
8239,0,3,3000,51.367
8240,1,1,3160,77.767
8241,1,2,2760,70.8
8242,1,2,2960,67.917
8243,1,2,2960,70.767
8244,1,2,2760,69.967
8245,1,1,2960,69.083
8246,1,2,2560,65.333
8247,1,1,2560,71.383
8248,1,1,3360,75.567
8249,1,1,2760,61.983
8250,0,3,3020,61.967
8251,1,1,2760,56.717
8252,1,1,2960,73.233
8253,1,1,3360,77.633
8254,1,2,2760,68.167
8255,1,1,3560,75.183
8256,1,2,2960,77.4
8257,0,3,3080,73.05
8258,1,1,2560,58.517
8259,0,3,2370,46.717
8260,1,2,3360,73.967
8261,1,0,2760,70.733
8262,1,1,3560,62.15
8263,0,3,3270,61.783
8264,0,3,2450,66.283
8265,1,1,2960,80.683
8266,1,2,2960,64.267
8267,1,0,2760,63.233
8268,1,1,2760,62.4
8269,1,0,3160,60.25
8270,1,1,2760,69.167
8271,1,1,2560,59.633
8272,1,0,2960,55.4
8273,1,2,2760,72.867
8274,1,1,3360,58.7
8275,1,1,2960,82.85
8276,1,2,2560,66.333
8277,0,3,2410,55.667
8278,1,0,3360,60.917
8279,1,2,2760,63.433
8280,1,0,2960,72.233
8281,1,1,3360,62.5
8282,1,1,2560,69.05
8283,1,1,2960,64.033
8284,1,1,2760,59.367
8285,1,1,2560,60.867
8286,1,2,2960,66.85
8287,1,2,2960,65.8
8288,1,1,2760,68.717
8289,1,1,3160,63.517
8290,1,1,3160,67.633
8291,1,1,2760,67.283
8292,1,1,2760,64.0
8293,1,2,2960,85.933
8294,1,1,2760,62.233
8295,1,1,3560,79.167
8296,1,0,2960,60.067
8297,0,3,3140,66.5
8298,1,0,2560,58.4
8299,1,1,3160,70.9
8300,1,2,3360,67.8
8301,1,0,3560,63.917
8302,1,2,3160,81.333
8303,1,1,2760,65.683
8304,1,2,2960,79.1
8305,1,1,3760,64.75
8306,1,1,2960,69.033
8307,1,1,2760,69.9
8308,1,0,3160,67.733
8309,1,1,2760,63.083
8310,1,1,2560,67.567
8311,1,1,2760,59.433
8312,1,1,3360,68.367
8313,1,1,2760,70.5
8314,0,3,2900,65.7
8315,1,0,2960,61.25
8316,1,1,3360,74.983
8317,1,1,3360,62.833
8318,1,2,2960,60.717
8319,0,3,2710,61.867
8320,1,1,3560,68.733
8321,1,0,2960,60.25
8322,1,0,3360,63.067
8323,1,2,2960,68.45
8324,1,1,2760,71.2
8325,1,2,3160,60.75
8326,1,1,2960,72.55
8327,1,2,2960,70.067
8328,1,1,3760,64.217
8329,1,1,2760,67.633
8330,1,2,2960,80.783
8331,1,1,3760,73.367
8332,1,0,2960,68.067
8333,0,3,2870,61.15
8334,1,2,3560,79.567
8335,1,0,3160,67.067
8336,1,2,2560,62.483
8337,1,1,2560,61.2
8338,1,1,3560,74.333
8339,1,1,3360,77.65
8340,1,2,3160,64.317
8341,1,2,3360,69.3
8342,1,1,2960,67.083
8343,0,3,3060,63.583
8344,1,1,2960,64.067
8345,1,2,2560,73.2
8346,0,3,2230,62.083
8347,1,2,2760,63.017
8348,1,2,2960,85.117
8349,1,1,2960,65.4
8350,0,3,2940,72.95
8351,1,1,2560,60.117
8352,1,2,2510,65.65
8353,1,1,2760,69.933
8354,1,1,2960,70.5
8355,0,3,3150,70.767
8356,1,2,2960,64.967
8357,1,1,2560,64.283
8358,1,1,2760,66.0
8359,1,0,2960,59.067
8360,1,0,2960,66.25
8361,1,1,3160,59.95
8362,1,1,2960,62.317
8363,1,1,2960,66.85
8364,1,1,3160,64.05
8365,0,3,3500,69.083
8366,1,1,3160,63.8
8367,1,1,2560,77.117
8368,1,2,2960,72.133
8369,1,0,3360,66.567
8370,1,2,2560,73.25
8371,1,1,3360,70.333
8372,1,2,2560,74.367
8373,1,2,3160,59.1
8374,1,1,2960,62.117
8375,1,0,2760,65.233
8376,1,2,2760,85.967
8377,1,2,2960,81.233
8378,1,1,2760,64.167
8379,1,1,2960,71.333
8380,1,0,2960,71.917
8381,1,2,2760,70.617
8382,1,1,2960,61.667
8383,1,1,2760,74.283
8384,1,1,2560,64.783
8385,1,1,2960,66.0
8386,1,2,2560,72.383
8387,0,3,2340,57.167
8388,1,0,2560,75.233
8389,1,1,3160,80.25
8390,1,1,2560,68.0
8391,1,1,2710,66.8
8392,1,1,3360,69.833
8393,1,1,3360,69.233
8394,0,3,2240,56.733
8395,1,2,2960,72.433
8396,1,2,3360,76.9
8397,1,2,2760,76.0
8398,1,1,3360,67.767
8399,1,2,2560,61.733
8400,1,1,2760,68.55
8401,1,1,2760,61.567
8402,0,3,2720,86.017
8403,1,1,2760,62.533
8404,1,1,3360,63.533
8405,1,2,3160,74.633
8406,1,1,3160,66.7
8407,1,0,2560,67.4
8408,0,3,2510,62.3
8409,1,1,3160,70.617
8410,1,0,2760,62.733
8411,1,1,3360,67.083
8412,1,0,3560,65.733
8413,1,1,2760,65.35
8414,1,0,3360,64.567
8415,1,1,2960,82.017
8416,0,3,3090,61.233
8417,0,3,2950,63.883
8418,1,0,2760,70.583
8419,1,0,3360,65.567
8420,1,1,2960,67.533
8421,1,0,3160,67.583
8422,1,2,2960,67.967
8423,1,2,2960,78.85
8424,1,2,3360,77.767
8425,1,0,3360,59.25
8426,1,0,3560,58.233
8427,1,1,3560,74.95
8428,1,0,2760,64.067
8429,1,0,3760,56.4
8430,1,1,2560,69.067
8431,1,1,3160,67.717
8432,1,2,2760,63.683
8433,1,1,3360,80.7
8434,1,2,2960,72.5
8435,1,2,2760,79.3
8436,0,3,2740,65.483
8437,1,2,3160,74.333
8438,1,1,3560,69.6
8439,1,1,2760,61.867
8440,1,1,2560,71.733
8441,1,0,3360,61.417
8442,1,1,2960,84.2
8443,1,0,2960,67.233
8444,1,2,2760,76.483
8445,1,0,2560,63.733
8446,1,2,3560,74.733
8447,1,2,2960,78.117
8448,1,2,2960,81.367
8449,1,2,3760,59.167
8450,1,0,2960,76.083
8451,1,0,2960,76.617
8452,1,2,2560,76.35
8453,1,0,3160,60.733
8454,0,3,2700,65.033
8455,1,1,2960,68.667
8456,1,1,2760,58.683
8457,1,1,2960,84.517
8458,0,3,2680,68.167
8459,0,3,2420,59.383
8460,1,1,3560,68.117
8461,1,2,3110,70.733
8462,1,1,2960,64.283
8463,1,1,2960,69.883
8464,0,3,2910,75.75
8465,1,2,2960,75.4
8466,0,3,2940,65.65
8467,0,3,2470,70.867
8468,1,1,2960,69.95
8469,1,2,2960,77.067
8470,1,1,2560,64.033
8471,1,2,3360,79.467
8472,1,1,3160,68.417
8473,1,1,3160,80.667
8474,1,1,3360,72.367
8475,1,1,2960,63.5
8476,1,0,2560,63.4
8477,1,1,2960,76.75
8478,0,3,2890,63.717
8479,1,2,2960,81.1
8480,1,2,2760,81.367
8481,1,0,2960,65.583
8482,1,1,2960,63.6
8483,0,3,2790,78.55
8484,1,1,3160,66.9
8485,1,0,3160,67.733
8486,1,1,2960,76.55
8487,1,0,2960,69.9
8488,1,2,2960,67.85
8489,1,0,2960,66.733
8490,1,0,3160,57.233
8491,1,0,2960,63.4
8492,1,1,2960,67.583
8493,1,2,2960,71.2
8494,1,1,3160,67.133
8495,1,2,2760,63.7
8496,1,1,2960,61.017
8497,1,1,3360,70.35
8498,1,1,3360,69.9
8499,1,0,3160,66.4
8500,1,1,3160,65.367
8501,1,0,2760,63.583
8502,1,0,3160,57.067
8503,1,1,3360,68.833
8504,1,2,3160,62.967
8505,1,1,2960,72.5
8506,1,2,2960,76.4
8507,1,0,2560,58.4
8508,1,2,2760,73.583
8509,1,1,2760,69.717
8510,1,0,2560,70.733
8511,1,2,2760,74.267
8512,1,1,2960,62.833
8513,1,0,2760,77.25
8514,0,3,2120,44.917
8515,1,0,2760,69.4
8516,1,1,2760,73.25
8517,1,0,3160,66.75
8518,1,2,3160,73.967
8519,1,2,2760,67.733
8520,0,3,1840,45.183
8521,0,3,2380,52.75
8522,1,2,2960,58.133
8523,1,0,2960,76.4
8524,1,1,2960,67.9
8525,1,1,2960,65.5
8526,1,1,2760,64.55
8527,1,2,2960,70.317
8528,1,1,2960,79.683
8529,1,2,2960,71.817
8530,1,0,2960,71.067
8531,1,2,2760,70.067
8532,1,1,2760,58.067
8533,1,1,2760,65.45
8534,1,1,2760,63.2
8535,1,1,2760,73.667
8536,1,0,3160,71.1
8537,1,1,2760,79.533
8538,1,0,2560,66.9
8539,1,0,3560,77.733
8540,0,3,1940,51.05
8541,1,0,2960,55.733
8542,1,1,3160,66.183
8543,1,1,2960,65.383
8544,0,3,2480,63.45
8545,1,1,2960,65.85
8546,1,1,2960,69.483
8547,1,1,2960,78.567
8548,1,1,2960,64.45
8549,1,0,3160,59.9
8550,1,2,3160,76.1
8551,1,2,3160,76.917
8552,1,1,3160,67.65
8553,1,2,2960,71.95
8554,1,1,2960,64.217
8555,1,1,2760,68.65
8556,1,0,2760,80.417
8557,1,1,3360,72.333
8558,1,0,3360,61.583
8559,0,3,2350,56.167
8560,1,1,3360,61.733
8561,1,1,2960,69.067
8562,1,2,2760,73.717
8563,1,0,3560,63.233
8564,1,1,3160,66.867
8565,1,2,2960,62.833
8566,1,1,2760,62.55
8567,1,1,2760,63.333
8568,1,1,2560,62.833
8569,0,3,2610,59.45
8570,1,1,2960,61.883
8571,1,2,2560,63.55
8572,1,1,2960,71.767
8573,1,0,2960,64.067
8574,1,1,3360,67.233
8575,1,1,2760,61.033
8576,1,0,2960,62.4
8577,1,1,2760,74.667
8578,1,2,2760,65.85
8579,0,3,1940,48.8
8580,1,2,2960,79.367
8581,0,3,2890,70.4
8582,1,1,2960,86.033
8583,1,2,3560,72.917
8584,1,1,2760,53.867
8585,1,0,2960,61.4
8586,1,0,2760,64.583
8587,1,1,2960,68.933
8588,1,1,2760,65.383
8589,1,2,3160,70.167
8590,1,1,2560,64.367
8591,1,1,2560,65.133
8592,1,1,2760,60.867
8593,1,1,2760,62.333
8594,1,2,2760,78.167
8595,1,1,2560,63.217
8596,1,2,3160,82.117
8597,0,3,2910,73.717
8598,1,0,2960,74.4
8599,1,0,3160,61.733
8600,1,1,2760,70.05
8601,1,1,3560,67.817
8602,1,0,3760,69.4
8603,1,0,3360,61.067
8604,1,0,3560,69.4
8605,1,1,2760,66.483
8606,1,1,2960,60.117
8607,1,0,2760,62.917
8608,1,0,2760,62.067
8609,1,0,2960,57.733
8610,0,3,2510,82.7
8611,1,2,2960,61.733
8612,1,2,3360,68.467
8613,1,0,2560,66.25
8614,1,1,2960,67.583
8615,1,2,3160,66.3
8616,1,2,2960,71.333
8617,1,1,2760,57.667
8618,1,2,2760,69.833
8619,1,1,2760,62.85
8620,0,3,2900,52.683
8621,1,0,3160,69.9
8622,1,1,2560,65.567
8623,1,2,3160,64.817
8624,1,2,3160,71.383
8625,1,1,2960,71.067
8626,1,2,2560,73.583
8627,1,1,2760,68.867
8628,1,2,3160,67.883
8629,1,1,3160,66.233
8630,1,0,3160,58.4
8631,1,2,3560,70.483
8632,1,0,3160,73.417
8633,1,1,2960,67.1
8634,0,3,3260,68.55
8635,1,2,2960,65.267
8636,1,0,3160,65.4
8637,1,1,3160,72.433
8638,1,1,2910,71.45
8639,1,0,2760,62.583
8640,1,2,2760,59.15
8641,1,1,2760,72.85
8642,0,3,2900,65.883
8643,1,1,3160,76.667
8644,1,0,3560,65.733
8645,1,1,2960,69.45
8646,1,1,3360,75.283
8647,0,3,2750,66.1
8648,0,3,2740,62.533
8649,1,1,2960,67.2
8650,1,1,2960,66.733
8651,1,1,2760,61.55
8652,1,2,2960,82.25
8653,1,2,2760,70.583
8654,1,1,2960,64.2
8655,1,1,2760,76.383
8656,1,1,3360,62.367
8657,1,2,2560,70.933
8658,1,1,2960,65.5
8659,1,2,2760,73.217
8660,1,1,2960,77.917
8661,1,2,3360,60.767
8662,1,1,2960,74.133
8663,1,1,3360,58.833
8664,1,0,3760,60.4
8665,1,1,2760,64.833
8666,1,2,3160,74.8
8667,1,0,3360,59.4
8668,1,2,3360,63.917
8669,1,1,3160,73.167
8670,1,2,3360,90.5
8671,1,2,2560,68.65
8672,1,1,2560,63.2
8673,1,0,2560,60.4
8674,1,1,2760,64.883
8675,0,3,2560,61.233
8676,1,2,2960,73.8
8677,1,1,3160,66.433
8678,1,1,2960,63.233
8679,1,1,3560,64.667
8680,1,2,2760,65.833
8681,1,1,2560,81.133
8682,1,2,2560,68.167
8683,1,1,3360,72.4
8684,1,0,3160,79.9
8685,1,1,3160,69.033
8686,1,1,3160,66.383
8687,1,1,2760,82.6
8688,1,2,3160,67.55
8689,1,1,2760,65.85
8690,1,1,3360,72.75
8691,1,0,3160,69.067
8692,0,3,2500,57.3
8693,0,3,2680,57.867
8694,1,1,2960,70.483
8695,1,2,2760,78.083
8696,1,2,3360,74.017
8697,1,2,2960,70.483
8698,1,1,2960,64.733
8699,1,1,3160,72.017
8700,1,2,2760,66.967
8701,1,1,3160,59.383
8702,1,1,3560,67.05
8703,1,0,2560,60.067
8704,1,1,2760,77.05
8705,1,1,2960,70.05
8706,1,1,3160,85.933
8707,1,2,2960,85.35
8708,1,1,3160,87.883
8709,1,2,2760,68.317
8710,0,3,1990,51.2
8711,1,1,2760,71.117
8712,1,2,2760,67.3
8713,0,3,2750,63.417
8714,1,2,3360,83.4
8715,0,3,2670,74.333
8716,1,2,2760,70.133
8717,1,2,2760,70.867
8718,1,1,2760,58.733
8719,1,1,3560,72.167
8720,1,1,2960,61.033
8721,1,1,2760,65.7
8722,1,0,3760,61.25
8723,1,2,2760,75.15
8724,1,1,2960,73.833
8725,1,0,3760,73.067
8726,1,1,3160,67.15
8727,1,1,2960,60.717
8728,1,2,2560,71.0
8729,1,1,2960,63.167
8730,1,2,3160,62.15
8731,1,0,3160,57.583
8732,1,1,2560,67.0
8733,1,1,2560,66.033
8734,1,1,2760,69.1
8735,1,1,3160,69.283
8736,1,2,2960,65.583
8737,1,1,2960,63.5
8738,0,3,2750,71.9
8739,1,2,2560,75.117
8740,1,1,3160,62.367
8741,1,1,2960,69.833
8742,0,3,2840,62.017
8743,0,3,2950,73.2
8744,1,0,3560,63.4
8745,0,3,2950,70.883
8746,1,1,2760,73.033
8747,1,1,3160,69.267
8748,0,3,2950,65.2
8749,1,0,3160,62.583
8750,1,1,2960,75.383
8751,1,1,3160,64.167
8752,1,1,2960,64.233
8753,1,1,3160,73.917
8754,1,1,3160,64.833
8755,0,3,2740,67.4
8756,1,2,2960,84.15
8757,0,3,2900,79.967
8758,1,2,3360,60.633
8759,1,2,2760,74.967
8760,1,0,2560,79.25
8761,0,3,2450,54.683
8762,0,3,1940,50.167
8763,1,0,2760,64.583
8764,1,2,2760,77.75
8765,1,2,2560,74.717
8766,1,2,2560,63.183
8767,1,0,2760,79.233
8768,1,1,2560,57.917
8769,1,1,3160,70.833
8770,1,1,3360,63.633
8771,1,0,2760,60.067
8772,1,2,2760,72.083
8773,1,1,3160,66.0
8774,1,1,2960,70.533
8775,1,0,3160,69.75
8776,1,1,3160,67.833
8777,1,2,2760,65.45
8778,1,0,2760,75.917
8779,1,0,2760,80.067
8780,0,3,2410,59.417
8781,1,0,2760,74.733
8782,1,2,2760,64.983
8783,1,0,3160,78.117
8784,1,0,2960,56.067
8785,1,0,2760,54.4
8786,1,0,2760,66.067
8787,1,2,2760,73.85
8788,1,2,3160,70.75
8789,1,1,2760,71.55
8790,1,0,2760,68.9
8791,1,0,2960,57.567
8792,0,3,2650,59.067
8793,1,1,3160,65.767
8794,1,1,2760,70.7
8795,0,3,2740,77.883
8796,1,2,2560,67.95
8797,1,2,3160,71.317
8798,1,1,3360,79.05
8799,1,2,2760,70.5
8800,1,2,2760,73.433
8801,1,2,2760,72.633
8802,1,2,2560,82.767
8803,1,2,2960,64.3
8804,1,1,3760,65.933
8805,1,2,3160,71.6
8806,1,1,3160,63.817
8807,1,2,2760,73.933
8808,1,0,2760,67.9
8809,0,3,2480,54.867
8810,1,1,3160,85.833
8811,1,1,2960,60.167
8812,1,0,3160,79.067
8813,1,1,3160,64.883
8814,1,2,2960,68.05
8815,0,3,2910,62.917
8816,1,0,2960,78.417
8817,1,0,2560,60.4
8818,0,3,2340,44.617
8819,1,2,3160,70.417
8820,1,2,3160,68.883
8821,1,2,2560,69.2
8822,1,0,3160,64.733
8823,1,0,2760,64.067
8824,1,1,2960,87.517
8825,1,2,3360,77.583
8826,0,3,3330,70.9
8827,1,0,2560,71.4
8828,1,1,2760,67.483
8829,1,2,2560,89.967
8830,1,1,3360,63.367
8831,0,3,2320,48.667
8832,1,1,2960,62.5
8833,1,0,2960,69.733
8834,0,3,2750,67.433
8835,0,3,2940,81.867
8836,1,1,2760,83.067
8837,1,2,2760,67.333
8838,0,3,2890,62.35
8839,1,1,2760,68.333
8840,1,2,2960,72.233
8841,1,1,2760,70.383
8842,1,0,2760,56.9
8843,0,3,2900,69.183
8844,1,2,2960,64.017
8845,1,2,3360,78.667
8846,1,1,2960,62.833
8847,1,1,2760,77.167
8848,1,1,2760,64.583
8849,1,0,3360,84.733
8850,1,1,2960,72.25
8851,1,0,3360,72.567
8852,1,0,2760,69.567
8853,1,1,3360,67.167
8854,1,2,2760,74.833
8855,1,1,3360,68.667
8856,1,2,2560,80.25
8857,1,1,2760,66.567
8858,1,1,2760,68.55
8859,1,1,3760,84.7
8860,1,1,2760,62.883
8861,1,2,2960,78.483
8862,1,1,3160,69.367
8863,1,0,2960,69.733
8864,1,0,2960,73.75
8865,1,1,2760,57.15
8866,1,1,2960,59.483
8867,1,2,2960,77.017
8868,1,1,2960,60.083
8869,1,2,2960,75.683
8870,1,2,2960,69.533
8871,1,1,3160,73.333
8872,1,1,2760,73.8
8873,1,1,2960,72.133
8874,0,3,3340,63.95
8875,1,0,3560,70.917
8876,1,1,3160,57.067
8877,1,1,2760,82.167
8878,1,2,2760,73.95
8879,1,1,3160,64.3
8880,1,1,3360,66.833
8881,1,1,2760,81.183
8882,1,1,3360,74.55
8883,1,1,2760,65.55
8884,1,1,2760,65.733
8885,1,1,3360,67.017
8886,1,1,3160,61.867
8887,1,1,2960,76.567
8888,0,3,2880,69.917
8889,1,1,3160,87.15
8890,1,1,2760,61.333
8891,1,2,2510,87.183
8892,1,1,3160,70.833
8893,1,0,3360,65.417
8894,1,2,3360,66.317
8895,1,1,3560,64.233
8896,1,2,2760,66.717
8897,1,2,2960,65.183
8898,1,1,2760,56.783
8899,1,1,3360,59.533
8900,0,3,2880,63.233
8901,1,0,2960,65.083
8902,0,3,2320,60.617
8903,1,1,3160,83.35
8904,1,2,3160,74.75
8905,1,2,2560,72.25
8906,1,1,3560,76.383
8907,1,1,2960,68.567
8908,1,0,2960,67.067
8909,1,1,2960,58.0
8910,1,2,2760,65.517
8911,1,1,2960,75.067
8912,1,2,2960,82.217
8913,1,2,2760,56.667
8914,1,1,2960,64.7
8915,1,1,3360,67.533
8916,1,0,3160,68.067
8917,1,1,3560,67.967
8918,1,0,2760,63.917
8919,1,2,3160,82.367
8920,1,2,3160,71.733
8921,1,2,2960,74.1
8922,1,2,3360,64.467
8923,1,0,2760,68.067
8924,1,1,2760,64.317
8925,1,2,2760,63.567
8926,1,2,3160,72.05
8927,1,1,3160,69.267
8928,1,1,3160,69.5
8929,0,3,2350,51.017
8930,1,1,2760,64.067
8931,1,1,2960,69.4
8932,1,1,2760,69.717
8933,1,2,2960,69.967
8934,1,0,2760,64.567
8935,1,1,3360,66.067
8936,1,0,3760,64.233
8937,1,1,2760,62.633
8938,1,2,2760,72.233
8939,0,3,3300,77.35
8940,1,1,2760,68.0
8941,1,1,2960,61.767
8942,1,0,3360,65.233
8943,1,2,3160,73.433
8944,1,2,3160,72.017
8945,1,1,2960,61.7
8946,0,3,2560,54.817
8947,0,3,2730,65.333
8948,1,2,2760,72.933
8949,1,2,2760,71.867
8950,1,0,3360,68.25
8951,1,2,2760,77.45
8952,1,0,3360,63.583
8953,1,2,2560,69.3
8954,1,2,3360,62.717
8955,1,1,3560,74.85
8956,1,2,2560,73.267
8957,1,2,2760,73.367
8958,1,2,2960,80.317
8959,0,3,2980,58.033
8960,1,0,3160,66.4
8961,1,2,2960,78.483
8962,1,0,3160,65.9
8963,1,2,2560,72.567
8964,1,2,2560,65.467
8965,1,0,3160,72.233
8966,1,1,3560,69.55
8967,1,1,2960,69.0
8968,1,0,2760,59.25
8969,0,3,2570,68.817
8970,1,1,2760,75.717
8971,1,1,2960,78.683
8972,1,2,3560,65.483
8973,1,2,2760,65.15
8974,1,0,2960,67.9
8975,1,2,2760,67.017
8976,1,2,2760,73.617
8977,1,1,2510,60.867
8978,1,0,3110,69.067
8979,1,1,2560,67.167
8980,1,1,2760,75.05
8981,1,1,2560,54.55
8982,1,1,2760,64.917
8983,1,1,3160,69.833
8984,1,2,2760,71.533
8985,1,2,2960,64.333
8986,1,0,2960,60.583
8987,1,2,2960,68.133
8988,1,0,3160,61.25
8989,1,2,2760,76.117
8990,1,1,3160,66.533
8991,1,1,2760,68.733
8992,1,1,2960,61.783
8993,1,1,3160,65.883
8994,1,1,2760,61.2
8995,0,3,2190,59.467
8996,1,1,3160,59.217
8997,1,0,3160,56.917
8998,1,1,2960,73.233
8999,1,2,3160,73.867
9000,1,1,2960,57.867
9001,1,2,2960,74.817
9002,1,2,2960,65.25
9003,1,1,2760,59.433
9004,1,2,3360,83.267
9005,1,1,3160,72.883
9006,1,1,2560,72.9
9007,1,2,2760,75.45
9008,1,1,2760,80.483
9009,1,2,2960,76.333
9010,0,3,1930,48.667
9011,1,1,3360,69.167
9012,1,1,2560,65.167
9013,1,1,2760,62.133
9014,1,2,3160,82.483
9015,1,1,3160,64.483
9016,1,2,3360,65.867
9017,1,1,3560,72.067
9018,1,0,3160,70.233
9019,1,1,2960,61.833
9020,1,1,2960,58.067
9021,1,2,2760,63.467
9022,1,2,3560,80.083
9023,1,0,3160,60.4
9024,1,1,3360,76.033
9025,1,2,2960,86.783
9026,1,0,3160,70.25
9027,1,1,2760,85.033
9028,1,2,2760,65.233
9029,1,1,3160,68.317
9030,1,1,2760,70.567
9031,1,1,3160,69.833
9032,1,0,2760,59.733
9033,1,1,3360,71.867
9034,1,2,2960,67.217
9035,1,1,3160,66.717
9036,1,1,2960,67.883
9037,1,0,3160,64.583
9038,1,2,2560,69.683
9039,1,1,2760,69.283
9040,1,2,2960,74.25
9041,0,3,2860,64.067
9042,1,1,3360,69.167
9043,0,3,3090,72.9
9044,1,0,3360,68.567
9045,1,1,2960,72.067
9046,1,1,2960,69.383
9047,1,1,2560,70.0
9048,1,1,2960,75.0
9049,1,2,2760,81.667
9050,1,2,2960,78.85
9051,1,1,2560,67.533
9052,1,2,2760,67.55
9053,0,3,2700,64.083
9054,1,0,3560,68.733
9055,1,2,2960,78.367
9056,1,2,2960,71.45
9057,1,2,2760,72.0
9058,1,1,3160,56.05
9059,1,1,3360,64.733
9060,1,1,2760,73.467
9061,1,1,2960,60.733
9062,1,0,3160,63.733
9063,1,2,2760,68.35
9064,1,2,2560,63.117
9065,1,1,2960,73.883
9066,1,1,2960,67.217
9067,0,3,2370,79.0
9068,1,2,3160,75.617
9069,0,3,2750,64.817
9070,1,1,2560,67.717
9071,1,1,2960,74.883
9072,1,1,3160,64.767
9073,1,0,3560,68.233
9074,1,0,3760,62.567
9075,0,3,3010,59.05
9076,1,0,2960,69.917
9077,1,0,2960,59.4
9078,1,1,3360,79.817
9079,1,1,2760,62.883
9080,1,2,2960,61.333
9081,1,2,2960,72.633
9082,1,2,2560,67.467
9083,1,2,2760,72.583
9084,1,0,3960,62.733
9085,1,1,2760,65.55
9086,0,3,3090,59.317
9087,1,1,2960,67.333
9088,1,0,3560,57.733
9089,1,2,2760,69.0
9090,1,0,3960,67.9
9091,1,0,3760,67.083
9092,1,1,3160,62.95
9093,1,2,2960,78.833
9094,1,1,3360,77.35
9095,1,2,2960,70.783
9096,0,3,2540,56.867
9097,1,2,3160,65.467
9098,1,0,3360,58.25
9099,1,1,2760,65.967
9100,1,0,3310,57.9
9101,1,1,2560,64.533
9102,1,1,2510,65.367
9103,1,1,2960,66.55
9104,1,1,3560,72.217
9105,1,1,2960,59.833
9106,1,2,2960,78.75
9107,1,0,3160,60.067
9108,1,1,3160,75.2
9109,1,1,2560,74.483
9110,1,1,2960,80.533
9111,1,2,2760,62.833
9112,0,3,2520,62.217
9113,0,3,2600,53.767
9114,1,2,3360,70.65
9115,1,1,2560,60.817
9116,1,2,2560,82.633
9117,1,1,3160,70.7
9118,1,1,3160,73.05
9119,1,2,2760,71.117
9120,0,3,2500,71.983
9121,1,0,2960,62.583
9122,1,2,2760,87.883
9123,1,2,3160,75.5
9124,1,1,2960,58.017
9125,0,3,2940,55.95
9126,1,0,2760,60.917
9127,1,2,2760,77.333
9128,1,1,3360,65.817
9129,1,1,2960,66.683
9130,1,0,2710,60.067
9131,1,2,2760,69.35
9132,1,2,3160,69.517
9133,1,2,2760,64.0
9134,1,2,2760,77.483
9135,1,2,2960,66.2
9136,1,2,2760,68.95
9137,1,1,2960,69.633
9138,1,1,3360,65.7
9139,0,3,2540,63.517
9140,1,1,2960,68.167
9141,1,2,2760,70.367
9142,1,2,2560,69.617
9143,1,1,3160,65.45
9144,1,1,2560,72.817
9145,0,3,2650,50.383
9146,1,0,3560,65.067
9147,1,1,2960,72.55
9148,1,2,2960,69.633
9149,0,3,2320,63.533
9150,1,2,2760,62.35
9151,1,1,2960,63.283
9152,0,3,2510,50.833
9153,1,2,2960,62.133
9154,1,1,3560,66.3
9155,1,2,2960,69.383
9156,1,1,3360,67.4
9157,1,2,2960,72.7
9158,1,1,2960,62.283
9159,1,0,3160,75.4
9160,1,0,3160,75.25
9161,1,2,3160,64.65
9162,1,2,2910,74.967
9163,1,2,2760,63.85
9164,1,2,2760,64.9
9165,0,3,2110,47.2
9166,1,1,2760,79.55
9167,1,1,2960,62.733
9168,1,2,2960,68.667
9169,1,1,2560,71.55
9170,1,2,2960,72.067
9171,1,1,2960,69.217
9172,1,2,2960,66.567
9173,1,1,2960,73.933
9174,1,1,2760,75.033
9175,1,1,3360,67.467
9176,1,1,2760,58.05
9177,1,2,2960,77.083
9178,1,2,3160,78.017
9179,1,2,2760,70.367
9180,1,0,2960,75.067
9181,1,1,2960,67.333
9182,1,1,3160,63.05
9183,1,1,3360,82.017
9184,1,1,2960,59.083
9185,0,3,3710,70.033
9186,1,0,3160,76.583
9187,1,2,2760,69.717
9188,1,2,2960,83.217
9189,1,0,2960,62.583
9190,1,2,3360,71.867
9191,1,1,2760,66.083
9192,1,1,2960,65.167
9193,1,0,3360,71.733
9194,1,0,2760,79.233
9195,1,2,3160,79.717
9196,1,1,3160,72.217
9197,1,1,2560,62.333
9198,1,2,2960,73.133
9199,1,1,2560,62.5
9200,0,3,2480,57.233
9201,1,2,3560,70.3
9202,1,1,2960,79.9
9203,1,2,3160,69.683
9204,1,2,2710,56.183
9205,1,0,3360,60.4
9206,1,1,3160,67.217
9207,1,1,2560,71.2
9208,1,2,2960,69.6
9209,1,1,3160,73.417
9210,1,1,3760,73.183
9211,0,3,2350,46.567
9212,1,2,2760,79.333
9213,1,2,3360,75.95
9214,1,2,2960,69.483
9215,1,1,3560,64.783
9216,1,2,3360,66.8
9217,0,3,3100,83.033
9218,1,2,3360,73.35
9219,1,2,3160,70.633
9220,1,0,3560,66.567
9221,1,1,2760,68.633
9222,1,0,3160,60.25
9223,1,1,2960,62.433
9224,1,2,2760,78.65
9225,0,3,2640,61.017
9226,1,0,2760,65.067
9227,1,2,2960,68.167
9228,1,2,2760,77.417
9229,1,1,2560,63.7
9230,1,2,2960,78.217
9231,1,1,3160,71.683
9232,1,0,2960,64.4
9233,1,1,2760,68.383
9234,0,3,2360,56.683
9235,1,2,2960,70.367
9236,1,1,2560,59.367
9237,1,0,2760,60.25
9238,1,1,2560,71.667
9239,1,1,2760,69.6
9240,1,1,2760,81.35
9241,1,1,2760,62.317
9242,0,3,3320,66.583
9243,1,0,2560,58.733
9244,1,1,3360,63.233
9245,1,2,2760,63.45
9246,1,1,3160,71.45
9247,1,0,2960,66.583
9248,1,1,2760,54.533
9249,1,0,2760,59.233
9250,1,1,2760,67.167
9251,1,2,3160,73.517
9252,1,1,2710,63.8
9253,1,1,2960,60.0
9254,1,1,3160,70.717
9255,1,1,2960,63.55
9256,0,3,2550,66.683
9257,1,2,2960,66.483
9258,1,2,3360,69.817
9259,1,1,2960,68.217
9260,1,1,2560,64.883
9261,1,2,2960,67.633
9262,1,2,2760,80.35
9263,1,1,3160,61.9
9264,1,2,2760,69.933
9265,1,1,3160,64.367
9266,1,1,3160,70.1
9267,1,1,3160,65.05
9268,1,1,2760,71.55
9269,1,1,2760,71.533
9270,1,2,2960,72.3
9271,1,2,2560,64.183
9272,1,0,2960,57.733
9273,1,0,2960,62.917
9274,1,0,3160,58.567
9275,1,1,3160,65.067
9276,1,2,2760,67.5
9277,1,1,3360,60.4
9278,1,2,3560,77.8
9279,1,1,2560,66.8
9280,1,1,3360,64.883
9281,1,1,3560,69.5
9282,0,3,2750,76.8
9283,1,2,2760,64.55
9284,1,1,2560,71.55
9285,1,2,2760,67.35
9286,1,0,2560,65.917
9287,1,0,2760,69.417
9288,1,0,2760,73.25
9289,1,1,2560,65.067
9290,1,1,2960,61.217
9291,1,1,2960,62.75
9292,1,0,2760,57.4
9293,1,2,2510,62.267
9294,1,0,3360,59.583
9295,1,2,2710,76.467
9296,1,1,2960,71.7
9297,1,1,3160,73.033
9298,1,0,3360,60.4
9299,1,1,3160,72.217
9300,1,1,2560,69.067
9301,1,0,2960,64.067
9302,1,1,2760,65.95
9303,1,1,2760,61.883
9304,1,2,2760,72.817
9305,1,2,2760,64.5
9306,0,3,2480,59.95
9307,1,2,3160,65.583
9308,1,1,3360,61.85
9309,1,0,3160,63.917
9310,1,1,3160,66.283
9311,1,1,3360,67.65
9312,1,2,2760,79.433
9313,1,1,2760,55.683
9314,1,2,3360,68.7
9315,1,2,3160,62.45
9316,0,3,3070,67.767
9317,1,1,2960,56.8
9318,1,2,2960,74.333
9319,1,1,3760,77.65
9320,1,2,2760,69.517
9321,1,2,2760,73.333
9322,0,3,2100,54.15
9323,1,2,2760,63.133
9324,1,1,2760,68.783
9325,1,1,3360,67.033
9326,1,2,2760,61.717
9327,0,3,2570,70.9
9328,1,2,3160,76.0
9329,1,1,3160,69.383
9330,1,2,2960,78.85
9331,1,2,2960,76.133
9332,1,1,2760,77.75
9333,1,0,3360,66.067
9334,1,1,2760,80.367
9335,1,1,2960,58.6
9336,1,1,3760,69.833
9337,1,0,3360,66.917
9338,1,0,2760,59.067
9339,0,3,2700,64.317
9340,1,2,2760,67.95
9341,1,2,2560,79.617
9342,1,1,2960,60.333
9343,1,1,2760,68.033
9344,1,1,2960,66.867
9345,1,1,2760,70.4
9346,1,0,2560,65.4
9347,1,1,2760,69.917
9348,0,3,2720,63.833
9349,1,1,3360,69.017
9350,1,1,2560,73.483
9351,1,0,3160,63.567
9352,1,0,2960,60.067
9353,1,0,3160,62.733
9354,0,3,2500,69.9
9355,1,2,2760,75.983
9356,1,2,2960,72.167
9357,1,2,2760,79.017
9358,1,2,2760,61.483
9359,1,0,2960,62.4
9360,1,1,2960,69.233
9361,0,3,2910,66.667
9362,1,1,2760,72.0
9363,1,2,2910,65.3
9364,1,1,3360,62.917
9365,1,0,2760,62.4
9366,1,0,3160,70.25
9367,1,1,3360,66.05
9368,1,0,3160,68.917
9369,0,3,3030,52.817
9370,1,2,3160,66.867
9371,1,2,2560,77.85
9372,1,2,3360,65.7
9373,1,0,3160,62.4
9374,1,2,3360,74.65
9375,1,1,3360,60.017
9376,1,1,2960,65.2
9377,0,3,2400,50.283
9378,1,1,3160,73.317
9379,1,1,3160,79.0
9380,1,1,3360,65.117
9381,1,1,3360,65.433
9382,1,1,2760,63.783
9383,1,2,2960,71.883
9384,1,0,3360,70.25
9385,1,0,2760,64.733
9386,0,3,2460,55.067
9387,1,2,2960,74.367
9388,1,0,3160,63.067
9389,1,2,2760,74.35
9390,0,3,2710,70.833
9391,1,1,2760,66.733
9392,1,0,2560,62.067
9393,1,1,2960,66.033
9394,1,0,3160,62.583
9395,1,0,4160,67.917
9396,1,2,2960,69.917
9397,1,0,2560,58.4
9398,1,2,2760,75.417
9399,0,3,3050,52.65
9400,1,0,2960,62.767
9401,1,0,2760,61.583
9402,1,2,3160,72.8
9403,1,0,2760,68.067
9404,0,3,2750,73.867
9405,1,1,3360,67.35
9406,1,2,3160,73.5
9407,1,2,2760,70.033
9408,1,2,3560,65.817
9409,0,3,2380,49.217
9410,1,2,3360,77.1
9411,1,1,2960,60.667
9412,1,0,2960,58.4
9413,1,2,3160,82.083
9414,1,2,3560,74.383
9415,1,1,3160,66.267
9416,1,1,2560,73.733
9417,1,2,2960,67.65
9418,1,0,3160,67.733
9419,1,1,2760,73.883
9420,1,1,2760,60.617
9421,1,2,2560,65.867
9422,1,1,2960,62.883
9423,1,0,2560,57.067
9424,1,0,3360,66.067
9425,1,1,2760,56.5
9426,1,2,2760,74.583
9427,1,1,2760,64.817
9428,1,1,3160,67.183
9429,1,0,3160,64.733
9430,1,1,2960,65.117
9431,1,1,2760,73.033
9432,1,1,2560,72.15
9433,1,1,2960,76.567
9434,1,1,3160,65.233
9435,1,2,2960,76.9
9436,1,1,2560,64.817
9437,0,3,2720,69.983
9438,1,1,2760,81.15
9439,1,2,2960,65.433
9440,0,3,2510,61.4
9441,1,2,3360,70.267
9442,1,1,2760,75.783
9443,1,2,2560,75.833
9444,1,0,3360,63.917
9445,1,2,3160,74.233
9446,1,0,2760,62.1
9447,1,1,2960,91.2
9448,1,1,2560,66.083
9449,1,0,3560,63.067
9450,1,2,3360,72.317
9451,1,1,2760,64.833
9452,1,2,2760,73.25
9453,1,1,2960,67.933
9454,1,0,3160,62.233
9455,1,1,2960,66.333
9456,1,0,2960,64.583
9457,1,0,2960,69.4
9458,1,2,2760,62.8
9459,1,0,2760,63.233
9460,1,0,3160,70.917
9461,1,2,2560,63.217
9462,1,2,2760,68.25
9463,1,2,3160,70.033
9464,1,2,3560,70.267
9465,0,3,2710,61.633
9466,1,2,2560,75.217
9467,1,2,3360,61.117
9468,1,1,3160,64.583
9469,1,1,3160,75.367
9470,1,0,2960,62.25
9471,1,1,3560,64.367
9472,1,2,2760,59.7
9473,1,2,2760,68.05
9474,1,1,2960,58.183
9475,1,2,2960,66.233
9476,1,1,2560,66.75
9477,1,0,2560,67.583
9478,1,1,2560,76.5
9479,1,0,2760,60.233
9480,0,3,1970,45.883
9481,1,1,2560,71.167
9482,1,1,3360,62.55
9483,1,1,2960,62.483
9484,1,2,3560,73.683
9485,0,3,3140,73.417
9486,1,1,2560,65.7
9487,1,2,2760,65.133
9488,1,2,3160,73.867
9489,0,3,2570,64.367
9490,1,1,2760,66.85
9491,1,1,3160,66.933
9492,0,3,2040,45.05
9493,1,2,2560,80.117
9494,1,1,3360,72.533
9495,1,2,3160,66.067
9496,1,2,3360,86.767
9497,1,0,3560,77.9
9498,0,3,2100,49.667
9499,1,2,2960,70.483
9500,1,2,2960,63.9
9501,1,1,2560,68.167
9502,1,1,3760,72.417
9503,0,3,2150,45.167
9504,1,2,2560,70.167
9505,1,2,2960,67.533
9506,1,1,2960,71.2
9507,0,3,2600,58.283
9508,1,1,2560,62.967
9509,1,2,2560,61.817
9510,1,1,2760,72.983
9511,1,0,3160,59.4
9512,1,0,3360,75.4
9513,1,1,2560,68.8
9514,1,0,3160,68.567
9515,1,1,3160,65.567
9516,1,1,3360,61.833
9517,0,3,2840,63.7
9518,1,1,2960,70.367
9519,1,1,2960,63.783
9520,1,1,3360,65.333
9521,1,1,2760,69.333
9522,1,1,2960,84.35
9523,1,0,3160,70.4
9524,1,1,2960,61.65
9525,1,1,2760,59.217
9526,0,3,2660,61.017
9527,1,2,3360,69.5
9528,1,2,2560,60.783
9529,1,1,2960,72.067
9530,1,0,3160,62.067
9531,1,1,3160,57.167
9532,1,2,3160,72.317
9533,1,2,2960,76.133
9534,1,0,3360,66.067
9535,1,1,2560,77.817
9536,1,0,3560,71.4
9537,1,1,3160,77.883
9538,1,1,3160,70.867
9539,1,2,3360,63.85
9540,1,1,2960,78.717
9541,0,3,2690,57.767
9542,1,1,2960,64.183
9543,1,2,2960,59.85
9544,1,1,3360,61.65
9545,1,2,2560,61.35
9546,1,1,2510,74.567
9547,0,3,2390,58.517
9548,1,1,3160,72.183
9549,1,1,2960,76.817
9550,1,2,3360,65.567
9551,1,2,2560,64.467
9552,1,0,2960,70.917
9553,1,2,2560,79.417
9554,1,1,2960,64.867
9555,1,1,2760,69.833
9556,1,1,3160,67.9
9557,1,2,2760,73.667
9558,1,0,2760,70.4
9559,1,1,2960,76.733
9560,1,1,2760,63.933
9561,1,2,3160,71.35
9562,1,2,2760,68.517
9563,0,3,1960,46.367
9564,1,1,2760,65.167
9565,1,0,2960,71.567
9566,1,2,2960,74.75
9567,1,2,2960,68.617
9568,1,1,2510,72.033
9569,1,0,3760,67.9
9570,0,3,2930,60.717
9571,1,1,2960,67.15
9572,0,3,3020,54.483
9573,1,1,2960,75.75
9574,1,1,2560,60.167
9575,0,3,2530,63.033
9576,1,2,3360,81.533
9577,1,1,3360,86.4
9578,1,2,2760,75.317
9579,1,2,2560,60.283
9580,1,0,3160,63.4
9581,1,1,2760,64.667
9582,1,2,2960,74.45
9583,1,0,3360,66.733
9584,1,2,2760,75.683
9585,1,1,2760,66.467
9586,1,1,3360,69.517
9587,1,0,2760,62.567
9588,1,1,2960,76.233
9589,1,1,3360,58.933
9590,1,1,2760,73.2
9591,1,1,2960,61.617
9592,0,3,2950,74.217
9593,1,1,3160,62.667
9594,1,1,2760,67.717
9595,1,2,2760,74.183
9596,1,1,2760,71.5
9597,1,2,3160,71.6
9598,1,2,2760,84.5
9599,1,0,2760,61.4
9600,1,1,2960,61.45
9601,1,0,3560,66.6
9602,1,1,2960,72.1
9603,1,0,2760,56.9
9604,1,2,3160,67.217
9605,1,2,2760,67.1
9606,1,2,2760,73.983
9607,1,1,2560,73.733
9608,1,1,2960,70.217
9609,1,0,2560,59.25
9610,1,1,3160,54.167
9611,0,3,2690,71.25
9612,0,3,2440,81.083
9613,1,0,3360,76.567
9614,1,2,2760,63.833
9615,1,1,2960,67.65
9616,1,2,2960,76.6
9617,1,1,3560,70.7
9618,1,2,3160,71.217
9619,0,3,2790,54.5
9620,1,1,3360,65.667
9621,1,1,3160,68.217
9622,1,1,2560,77.283
9623,0,3,3060,63.6
9624,1,1,3560,68.8
9625,1,1,3360,68.367
9626,1,2,2760,65.917
9627,0,3,2760,58.117
9628,1,0,3760,77.417
9629,1,1,2760,58.883
9630,1,1,2960,73.267
9631,1,2,2560,79.85
9632,1,1,3360,62.783
9633,0,3,2380,47.683
9634,1,1,2760,65.817
9635,1,0,2960,65.067
9636,1,0,2760,60.233
9637,1,0,3360,64.617
9638,1,0,2560,61.4
9639,1,1,2960,63.317
9640,1,1,2960,73.033
9641,1,2,2960,71.833
9642,0,3,2460,57.283
9643,1,1,2760,62.983
9644,1,0,2760,64.25
9645,1,0,2560,61.067
9646,1,1,3160,64.3
9647,1,0,3560,58.733
9648,1,2,2760,65.017
9649,1,2,2960,72.65
9650,1,1,2960,67.067
9651,0,3,2690,63.25
9652,0,3,2880,54.85
9653,1,1,3160,63.567
9654,1,2,3160,79.183
9655,1,2,2760,70.417
9656,1,2,2760,79.85
9657,1,1,2760,68.333
9658,1,2,2960,68.05
9659,1,2,2760,75.25
9660,1,1,2760,68.55
9661,1,1,2760,67.167
9662,1,1,3360,69.1
9663,1,2,2960,69.383
9664,1,1,2760,73.1
9665,0,3,2360,48.733
9666,1,2,2760,66.667
9667,1,1,3960,80.583
9668,1,0,3160,65.067
9669,1,2,3160,61.5
9670,1,0,3360,68.9
9671,0,3,2480,60.15
9672,0,3,3030,57.333
9673,1,2,2960,66.733
9674,1,1,2760,70.267
9675,1,2,3060,67.967
9676,1,1,3360,72.217
9677,1,2,3160,66.817
9678,1,2,2760,66.667
9679,1,1,2960,74.1
9680,1,0,3160,66.4
9681,1,2,2760,67.817
9682,1,1,2960,65.283
9683,1,2,2760,78.867
9684,1,1,3160,68.283
9685,1,0,3160,65.9
9686,1,0,3160,74.4
9687,1,1,3160,82.667
9688,1,0,2760,59.067
9689,1,0,3160,68.583
9690,1,1,3360,73.5
9691,1,0,2560,62.067
9692,1,0,2560,58.583
9693,1,2,2960,72.9
9694,1,1,3360,72.65
9695,1,2,2760,68.3
9696,1,1,2560,66.95
9697,1,2,2760,60.533
9698,1,2,2760,73.267
9699,1,1,3560,65.683
9700,1,1,3560,72.117
9701,1,1,2960,82.517
9702,1,2,2960,77.183
9703,1,1,2760,63.05
9704,1,0,2960,61.4
9705,1,0,3160,62.733
9706,1,2,3560,69.117
9707,1,2,2560,65.283
9708,1,2,2760,69.767
9709,0,3,3070,53.333
9710,1,0,2760,59.4
9711,1,0,2760,57.567
9712,1,0,2760,57.567
9713,1,1,3160,59.283
9714,1,2,2960,78.85
9715,1,0,2760,56.067
9716,0,3,3150,80.45
9717,0,3,2520,53.833
9718,1,0,2960,67.067
9719,1,1,2960,65.95
9720,1,0,3160,63.067
9721,1,1,3360,72.883
9722,1,2,2960,69.133
9723,1,1,2560,69.65
9724,0,3,2360,50.067
9725,1,2,3560,72.7
9726,1,2,2560,71.1
9727,1,0,2760,64.067
9728,1,0,2960,61.733
9729,0,3,2560,58.8
9730,1,1,2960,58.983
9731,1,1,3160,74.1
9732,1,2,2760,70.267
9733,0,3,3150,62.683
9734,1,2,2760,73.8
9735,1,2,2760,61.8
9736,1,0,2960,66.733
9737,0,3,2510,63.3
9738,1,2,2960,73.767
9739,1,2,2560,63.217
9740,1,1,2960,63.833
9741,1,1,2960,68.05
9742,1,0,3360,64.067
9743,1,1,2760,57.883
9744,1,1,2760,61.45
9745,1,1,3360,59.283
9746,1,1,2960,58.367
9747,1,1,3160,71.183
9748,1,2,3160,76.783
9749,1,2,2560,78.667
9750,1,0,3160,84.067
9751,1,1,2960,68.55
9752,1,0,3360,70.733
9753,1,1,2560,71.633
9754,0,3,2450,55.183
9755,1,0,3560,63.733
9756,1,0,3160,65.067
9757,1,1,2960,75.05
9758,1,1,2960,66.117
9759,1,1,3360,73.883
9760,1,0,2760,58.733
9761,1,1,2960,63.167
9762,1,2,2760,72.183
9763,1,1,3360,62.283
9764,1,0,2960,81.067
9765,1,1,2960,70.867
9766,1,1,3760,71.65
9767,1,2,2560,69.217
9768,1,2,3160,70.0
9769,1,2,2760,71.033
9770,1,1,2960,66.55
9771,1,1,2960,69.5
9772,1,1,2960,73.35
9773,1,1,2710,69.817
9774,1,0,2560,66.917
9775,1,2,3160,64.783
9776,1,1,3160,65.683
9777,1,1,3360,69.4
9778,1,0,3160,60.733
9779,1,1,2960,60.833
9780,1,1,3560,74.2
9781,1,2,2960,63.983
9782,1,2,2960,81.883
9783,1,0,2560,58.4
9784,1,2,2960,67.317
9785,1,1,2960,67.333
9786,1,1,2960,78.717
9787,1,0,2760,62.067
9788,1,1,2960,63.717
9789,1,1,2560,60.633
9790,1,2,3360,70.333
9791,0,3,2750,77.85
9792,1,0,2760,63.25
9793,1,1,3360,74.333
9794,1,2,2760,73.55
9795,1,0,3160,63.233
9796,1,2,2760,63.45
9797,1,0,2960,59.067
9798,1,1,2560,66.117
9799,1,1,2560,70.217
9800,1,1,2960,60.833
9801,0,3,2750,70.183
9802,1,2,2760,65.017
9803,1,0,3560,65.233
9804,1,2,2960,69.617
9805,1,0,2760,67.733
9806,1,0,3960,67.733
9807,1,2,2710,64.65
9808,1,1,3160,70.383
9809,1,0,2760,62.067
9810,1,2,2960,73.85
9811,1,2,2960,62.133
9812,1,2,2760,60.983
9813,0,3,2380,58.917
9814,1,1,2960,76.2
9815,1,1,3560,65.7
9816,1,1,3160,75.417
9817,1,0,3360,69.9
9818,1,0,2960,67.067
9819,1,1,2710,60.317
9820,1,1,2960,63.717
9821,1,2,2760,74.55
9822,1,2,2760,71.367
9823,1,2,2760,71.583
9824,1,2,3160,74.117
9825,1,1,3960,69.067
9826,1,2,3160,67.883
9827,1,1,2960,85.217
9828,1,1,3160,69.717
9829,1,2,2760,70.933
9830,1,1,2960,71.95
9831,1,2,2760,67.433
9832,1,1,3360,70.733
9833,1,0,2760,75.9
9834,1,0,3160,65.583
9835,1,2,2760,67.117
9836,1,2,2960,76.667
9837,1,1,2760,62.517
9838,1,2,2760,63.183
9839,1,0,2560,74.233
9840,1,2,2760,83.75
9841,1,0,2560,65.4
9842,1,0,3360,71.067
9843,0,3,3130,73.467
9844,1,2,2960,64.317
9845,1,2,2960,69.683
9846,1,1,2760,65.4
9847,1,2,3160,68.667
9848,1,2,2960,71.883
9849,0,3,2890,76.067
9850,1,1,2560,74.833
9851,1,2,2960,60.467
9852,1,0,2960,61.067
9853,1,2,2960,74.433
9854,1,2,2760,72.467
9855,1,2,2960,68.7
9856,1,2,2960,82.367
9857,1,0,2760,60.733
9858,1,0,3360,68.567
9859,1,2,2960,69.333
9860,1,1,3160,74.783
9861,1,0,3960,74.083
9862,1,2,2960,66.317
9863,1,0,3160,76.4
9864,1,2,2760,60.133
9865,1,1,3560,71.417
9866,1,2,3160,73.367
9867,0,3,2280,51.067
9868,1,0,2760,65.917
9869,1,0,3360,60.25
9870,1,0,2560,59.733
9871,0,3,2380,51.45
9872,1,2,2960,71.817
9873,1,2,2960,71.183
9874,0,3,2390,55.767
9875,1,1,2760,81.833
9876,1,0,2960,65.733
9877,1,1,2760,76.467
9878,1,0,3360,60.733
9879,1,1,2560,66.867
9880,1,2,2760,62.333
9881,1,1,2960,67.567
9882,1,2,2760,75.617
9883,0,3,2690,65.267
9884,1,0,2960,57.733
9885,1,2,2960,77.183
9886,1,0,3160,62.583
9887,1,2,3160,67.933
9888,1,2,2760,68.65
9889,1,0,3160,63.917
9890,1,0,3160,72.417
9891,1,1,2760,66.85
9892,1,2,2760,58.467
9893,1,2,3560,66.317
9894,1,2,2960,65.4
9895,1,0,2960,58.067
9896,1,0,3560,71.583
9897,1,0,2710,68.567
9898,1,0,2760,62.067
9899,1,2,2960,70.6
9900,0,3,2940,60.833
9901,0,3,1890,45.667
9902,1,2,3360,70.2
9903,1,0,2760,65.733
9904,1,1,3160,70.367
9905,1,1,2760,73.367
9906,1,2,3960,73.4
9907,1,0,3360,65.4
9908,1,1,2960,77.833
9909,1,2,2760,70.283
9910,1,1,3560,73.333
9911,1,1,3560,61.1
9912,1,1,2760,76.4
9913,1,1,3360,81.667
9914,1,1,2760,66.033
9915,0,3,2040,46.917
9916,1,2,2760,65.817
9917,1,2,2760,72.817
9918,1,0,3760,63.733
9919,1,1,3160,60.383
9920,1,0,3160,75.067
9921,1,1,3560,65.7
9922,1,1,2560,66.017
9923,1,2,2560,67.333
9924,1,2,2960,64.367
9925,1,2,2560,71.1
9926,1,1,2760,70.767
9927,1,1,2760,71.583
9928,1,2,2710,71.133
9929,0,3,2110,50.95
9930,1,0,3160,63.4
9931,1,2,3160,65.45
9932,1,2,2760,69.267
9933,1,1,2560,62.783
9934,1,0,2760,64.4
9935,1,1,2760,68.4
9936,1,2,2960,66.983
9937,1,1,2960,62.733
9938,1,2,2960,69.467
9939,1,1,2760,63.567
9940,1,2,2960,80.333
9941,1,0,2960,64.067
9942,1,1,3160,61.183
9943,1,1,3160,62.0
9944,1,1,3160,82.217
9945,1,2,3360,67.367
9946,1,0,2760,61.083
9947,1,1,3360,66.35
9948,0,3,2860,56.883
9949,1,1,2760,70.867
9950,1,2,2760,64.733
9951,0,3,2350,57.433
9952,1,2,3160,73.683
9953,1,1,2760,56.883
9954,1,2,2760,82.667
9955,1,2,2960,74.267
9956,1,1,3160,67.9
9957,1,0,2960,71.917
9958,1,2,3160,72.017
9959,1,1,2560,57.033
9960,1,2,2960,65.717
9961,1,1,3760,70.417
9962,1,1,2760,66.833
9963,1,0,2760,75.25
9964,1,1,3160,65.217
9965,1,1,2760,74.45
9966,1,0,3160,69.4
9967,1,0,2960,73.4
9968,1,0,3160,68.067
9969,1,0,3160,75.25
9970,1,0,3760,67.45
9971,1,1,3560,70.283
9972,0,3,2310,43.567
9973,0,3,3340,63.983
9974,1,1,2760,70.367
9975,1,1,2960,75.667
9976,1,2,2760,71.45
9977,1,2,2960,67.733
9978,1,0,2760,65.083
9979,1,2,2760,69.267
9980,1,2,2960,81.933
9981,1,1,2760,62.467
9982,1,2,3360,67.283
9983,0,3,2890,65.733
9984,1,1,3160,78.717
9985,1,1,2960,72.717
9986,1,2,2960,80.15
9987,1,1,3160,68.95
9988,1,1,3360,65.117
9989,1,1,2760,59.433
9990,1,2,2960,66.767
9991,1,1,2760,61.233
9992,1,1,2760,74.333
9993,1,2,3160,67.117
9994,1,2,2960,67.667
9995,0,3,2550,61.067
9996,1,2,3760,78.017
9997,1,1,2760,65.3
9998,1,1,3160,69.417
9999,1,0,2560,59.067
10000,0,3,3100,79.25
